關卡,成語,字面提示,釋義,出處
1001,大街小巷,城市裡每條路,泛指城市裡的各處街道。,
1002,聚精會神,非常專心,集中精神，注意力高度集中。,
1003,笑口常開,嘴角總是上揚,經常開懷大笑，形容心情愉快、性格開朗。,
1004,兩手空空,沒拿任何東西,手中什麼也沒有。,
1005,東倒西歪,站都站不穩,形容倒的倒、歪的歪，不端正或站不穩的樣子。,
1006,三更半夜,子時人人熟睡,指深夜。,
1007,五彩繽紛,顏色多到眼花,形容色彩繁多華麗。,
1008,洋洋得意,驕傲神氣,形容非常得意的樣子。,
1009,興高采烈,情緒激昂開心,興致很高，情緒熱烈。,
1010,夕陽西下,黃昏紅輪沉落,傍晚太陽向西方落下。多形容黃昏景色，也比喻衰老或沒落。,元・馬致遠〈天淨沙・秋思〉
1011,多才多藝,會琴棋書畫,具有多方面的才能和技藝。,
1012,小心翼翼,非常謹慎,形容舉動十分謹慎，絲毫不敢疏忽。,《詩經・大雅・大明》
1013,依依不捨,臨別難分開,形容留戀而捨不得分開。,
1014,大同小異,差不多只差一點點,大部分相同，只有小部分不同。,《莊子・天下》
1015,勢如破竹,一路勝利無人能擋,形勢像劈竹子一樣，節節順利。形容作戰或做事節節勝利，毫無阻礙。,《晉書・杜預傳》
1016,國泰民安,百姓過得太平快樂,國家太平，人民安樂。,
1017,落井下石,趁人危難再加害,看見人掉進井裡，還往下丟石頭。比喻趁人危難時加以陷害。,
1018,得寸進尺,貪心要更多,得到一寸還想要一尺，比喻貪得無厭。,
1019,四面八方,前後左右各處,泛指各個方面或各個地方。,
1020,筋疲力盡,累到極點,形容非常疲勞，一點力氣都沒有。,
1021,滿載而歸,收穫豐富地回家,裝得滿滿地回來，形容收穫很大。,
1022,銅牆鐵壁,金屬做的城垣,比喻十分堅固，不可摧毀。,
1023,小橋流水,溪澗上的拱形步道,小巧的橋、潺潺的流水。形容清幽雅致的景色。,元・馬致遠〈天淨沙・秋思〉
1024,拔刀相助,抽出兵器幫忙,形容見到不平的事，挺身而出幫助受欺負的人。,
1025,握手言和,雙方化解爭端,比喻雙方停止爭執，重歸於好。,
1026,破涕為笑,止哭轉而歡喜,停止哭泣而露出笑容，形容轉悲為喜。,
1027,一竅不通,完全沒概念,比喻對某事完全不了解。,
1028,多災多難,不斷遭遇不幸,遭遇很多的災難。,
1029,弱肉強食,叢林生存法則,比喻強者欺凌壓迫弱者。,
1030,供不應求,搶購的人多貨太少,供給的數量趕不上需求。,
1031,功成名就,事業順利聲望高,功業建立了，名聲也有了。,
1032,五音不全,唱歌走調,形容人唱歌音調不準。,
1033,名不虛傳,果然跟聽說一樣好,傳揚的名聲與實際相符。,
1034,一線生機,絕境中僅存希望,比喻還有極小的存活機會或希望。,
1035,精神百倍,活力滿滿,形容精力充沛。,
1036,坐以待斃,不反抗等死,坐著等死，比喻遇到危難不積極應對。,
1037,鐵樹開花,罕見又難得的事,比喻事情非常罕見或極難實現。,
1038,以牙還牙,報復對方,比喻以對方所用的手段反擊對方。,
1039,玉樹臨風,男子瀟灑英俊,形容人風度瀟灑，容貌俊美。,唐・杜甫〈飲中八仙歌〉
1040,漸入佳境,顧愷之倒啃甘蔗,比喻情況逐漸好轉或興味逐漸濃厚。,《晉書・文苑傳・顧愷之》
1041,民不聊生,百姓苦到沒法過活,人民無法生活。形容生活極端困苦。,《史記・張耳陳餘列傳》
1042,赤手空拳,兩掌沒拿武器,形容雙手空空，沒有任何武器或憑藉。,
1043,文房四寶,筆墨紙硯,書房中常用的四種文具：筆、墨、紙、硯。,
1044,半生不熟,飯沒煮透,未完全煮熟，比喻技藝不純熟。,
1045,斬釘截鐵,說話果斷毫不猶豫,形容說話做事果斷堅決。,
1046,先發制人,搶在對方前動手,先下手以制服對方，取得主動。,《漢書・項籍傳》
1047,節外生枝,平白多出麻煩,比喻在原有問題之外又生出新的問題。,
1048,多管閒事,愛插手別人家務,過問與自己無關的事。,
1049,深謀遠慮,計劃周密看得長,計劃周密，考慮長遠。,漢・賈誼〈過秦論〉
1050,漫山遍野,整座峰嶺田園都是,遍布山野。形容數量極多，到處都是。,
1051,順藤摸瓜,沿著線索追查,比喻沿著線索追查根源。,
1052,進退兩難,前有河後有虎,前進後退都很困難。,
1053,拐彎抹角,說話繞圈子不直接,比喻說話、寫文章不直截了當。,
1054,後生可畏,年輕人很厲害,年輕人前途無量，很可能超越前輩，令人敬畏。,《論語・子罕》
1055,成雙成對,兩兩配好,配合成一對一對。,
1056,錦繡河山,美麗壯闊的國土,形容國家的山河美好壯麗。,
1057,視死如歸,不怕犧牲勇敢,把死看得像回家一樣平常，形容不怕犧牲。,
1058,遊手好閒,整日晃蕩不幹活,形容不務正業，閒蕩度日。,
1059,千叮萬囑,媽媽反覆交代,再三叮嚀囑咐。,
1060,一往情深,桓伊聞歌喚奈何,指對人或事物懷有深厚的感情。,南朝宋・劉義慶《世說新語・任誕》
1061,咬文嚼字,過分斟酌詞句,形容過分推敲字句。,
1062,寸草不生,荒地連小苗都沒有,連一根小草都不生長。形容土地荒涼貧瘠。,
1063,首屈一指,最頂尖者,彎下手指計數時先彎大拇指，表示居於第一位。,
1064,灰頭土臉,滿面塵垢,形容滿身塵土的樣子，也形容沮喪。,
1065,刀光劍影,兵器閃爍廝殺激烈,形容激烈的打鬥廝殺場面，或充滿殺機的氣氛。,
1066,寒冬臘月,農曆年底最冷時,指農曆十二月，一年中最寒冷的時節。,
1067,飢腸轆轆,肚子餓得咕咕叫,形容非常飢餓。,
1068,入不敷出,賺得比花的少,收入不夠支付開銷。,
1069,彬彬有禮,很懂規矩客氣,形容舉止文雅，很有禮貌。,
1070,兩肋插刀,為朋友冒險拚命,比喻為朋友不惜犧牲。,
1071,脫胎換骨,徹底改變重生,比喻通過教育或磨練，使人徹底改變。,
1072,敲鑼打鼓,一路奏樂熱鬧慶祝,形容熱鬧慶祝的情景。,
1073,伶牙俐齒,很會說話,形容口齒靈活，能說善辯。,
1074,虛張聲勢,故意裝很強嚇人,假裝出強大的聲勢，用來嚇唬人。,
1075,琳瑯滿目,美好物品很多,比喻眼前所見都是美好珍貴的東西。,
1076,倒背如流,熟記到能逆著唸,把文章倒著背也像流水般順暢，形容背得極熟。,
1077,痛不欲生,傷心到極點,悲痛到不想活下去。,
1078,窮途末路,走到盡頭無處去,比喻處境極為困難，無路可走。,
1079,以少勝多,小兵打敗大軍,以少量兵力戰勝多數敵人。,
1080,一舉一動,每個手勢與姿態,指人的每一個行為動作。,
1081,投桃報李,你送我東西我回禮,比喻互相贈答，禮尚往來。,《詩經・大雅・抑》
1082,光宗耀祖,替家族爭面子,使祖先和家族感到光榮。,
1083,雞鳴狗盜,微不足道的小技能,比喻卑微的技能，也指偷偷摸摸的行為。,《史記・孟嘗君列傳》
1084,日曬雨淋,頂著烈陽冒著驟霖,遭受陽光曝曬和雨水淋澆。形容在戶外工作或生活的辛苦。,
1085,化險為夷,危機解除平安無事,使危險的情況轉為平安。,
1086,人滿為患,太多遊客擠爆,因人多而造成困擾。,
1087,文武雙全,能寫詩又會打仗,能文能武，兩方面都很擅長。,
1088,萬壽無疆,祝皇上長命,祝人長壽的頌詞。,《詩經・豳風・七月》
1089,小題大作,芝麻事弄得很誇張,把小事當作大事來處理，有不恰當地誇大之意。,
1090,崇山峻嶺,又高又陡的峰巒,高大險峻的山嶺。,晉・王羲之〈蘭亭集序〉
1091,夫唱婦隨,老公帶頭老婆跟,比喻夫妻和睦，相處融洽。,
1092,冷若冰霜,面無表情態度淡漠,形容態度冷淡，像冰霜一樣不易接近。,
1093,心狠手辣,殘忍又兇惡,心腸狠毒，手段毒辣。,
1094,為虎作倀,幫壞人做壞事,比喻充當惡人的幫兇，助其為惡。,
1095,怒火中燒,氣到冒煙,憤怒的情緒像火在心中燃燒。,
1096,無影無蹤,連一點痕跡都不見,形容完全消失，不知去向。,
1097,狼子野心,凶性難改,比喻凶暴的人野心難以馴服，本性難改。,《左傳・宣公四年》
1098,書香門第,世代文人家庭,世代都是讀書人的家庭。,
1099,今非昔比,現在跟從前不同了,現在已不是過去所能相比的。形容變化很大。,
1100,江山如畫,國土風光美似彩繪,山河景色美得像圖畫一樣。,宋・蘇軾〈念奴嬌・赤壁懷古〉
1101,十惡不赦,罪大到無法原諒,形容罪大惡極，不可饒恕。,
1102,稱兄道弟,彼此叫哥哥,朋友間以兄弟相稱，形容關係親密。,
1103,鸚鵡學舌,只會跟著別人說,比喻人家怎麼說，他就跟著怎麼說，毫無主見。,
1104,氣喘吁吁,呼吸急促,形容喘氣喘得很厲害。,
1105,濃妝豔抹,臉上化得很厚,形容妝扮豔麗。,
1106,兵臨城下,大軍逼到牆邊,敵軍已經打到城牆下，比喻情勢十分危急。,
1107,懸崖峭壁,直上直下的陡岩,形容山勢高峻陡峭。,
1108,面黃肌瘦,氣色差身形單薄,臉色發黃，身體消瘦，形容營養不良或有病的樣子。,
1109,半死不活,快沒氣的樣子,形容沒有精神、沒有生氣。,
1110,大材小用,棟梁當柴燒,比喻人才使用不當。,
1111,路不拾遺,掉東西沒人撿,形容社會風氣良好，人民守法。,
1112,騰雲駕霧,仙人乘著白煙飛行,傳說中駕著雲霧飛行。也形容奔馳迅速或頭腦昏沉。,
1113,步步為營,每走一段就安寨,比喻行動謹慎，防備周密。,
1114,披頭散髮,儀容凌亂未梳理,頭髮散亂，形容儀容不整。,
1115,心直口快,有話就說不藏,性情直爽，有話就說。,
1116,金枝玉葉,皇室尊貴的子孫,比喻皇族子孫，也泛指出身高貴的人。,
1117,一掃而空,桌上菜餚吃光光,全部清除乾淨，一點也不剩。,
1118,感慨萬千,心頭思緒翻湧,心中有無限的感觸。,
1119,嚎啕大哭,放聲哀泣,形容放聲大哭。,
1120,凱旋而歸,打勝仗回來,打了勝仗回來。,
1121,賓至如歸,客人好自在,客人來到這裡就像回到家一樣，形容招待周到。,《左傳・襄公三十一年》
1122,金玉滿堂,整屋財寶,形容財富極多，也比喻學識豐富。,《老子》
1123,賞心悅目,看了很舒服,形容景物美好，使人看了心情愉快。,
1124,一覽無遺,登高四望全看見,一眼就能看得清清楚楚，毫無遺漏。,
1125,一意孤行,堅持己見獨自前進,不接受別人勸告，固執地照自己的想法去做。,
1126,天高地厚,不知有多深廣,比喻恩情深厚，也指事情的艱巨、嚴重。,《詩經・小雅・正月》
1127,談虎色變,一提起就嚇得發抖,比喻一提到可怕的事就非常緊張害怕。,
1128,因禍得福,壞事反帶來好運,因為遭遇禍事，反而得到好處。,
1129,健步如飛,走路非常快,形容腳步矯健，走得飛快。,
1130,掌上明珠,被寵愛的女兒,比喻極受父母疼愛的女兒，或極為珍愛的人或物。,
1131,大家閨秀,名門望族的千金,指世家望族中有教養的女子。,
1132,一表人才,相貌英俊的男子,形容人容貌俊秀、儀表出眾。,
1133,垂涎欲滴,饞得口水快掉下,形容非常貪饞，也比喻見了好東西極想得到。,
1134,隔岸觀火,站河對面看延燒,比喻對他人的危難袖手旁觀。,
1135,汪洋大海,廣闊無邊的水域,形容水勢浩大，也比喻浩大的聲勢或廣大的範圍。,
1136,過目不忘,看一次就記得,看過一遍就不會忘記，形容記憶力極強。,
1137,自食其果,做壞事遭到報應,自己做了壞事，自己承受惡果。,
1138,寸步不離,緊緊跟隨,形容關係密切或跟隨得很緊。,
1139,見死不救,眼看出事沒管,看見別人遇到危險卻不去救助。,
1140,得意忘形,高興到失了分寸,形容因得意而失去常態。,
1141,棋逢對手,雙方實力相當,比喻雙方本領不相上下。,
1142,人云亦云,跟著旁者附和,別人說什麼自己也跟著說什麼，沒有主見。,
1143,心血來潮,突然想到要做,形容忽然產生某種念頭。,
1144,反目成仇,翻臉變敵人,原本親近的人鬧翻而成為仇敵。,
1145,鼻青臉腫,被揍得傷痕累累,形容臉部受傷嚴重的樣子。,
1146,魚死網破,拼個同歸於盡,比喻雙方爭鬥到底，同歸於盡。,
1147,三足鼎立,魏蜀吳如大鍋的腳,比喻三方勢力對峙的局面。,
1148,鐵杵磨針,老婦把粗棒弄細,比喻只要有恆心毅力，再難的事也能成功。,
1149,巧奪天工,人造比自然還精美,人工的精巧勝過天然。形容技藝極為高超。,
1150,飢寒交迫,又餓又冷,飢餓和寒冷一齊逼來。形容生活極度貧困。,
1151,露出馬腳,破綻被看穿,比喻隱藏的真相或事實暴露出來。,
1152,指手畫腳,在旁比劃亂評論,形容說話時兼用手勢，或在旁胡亂指點批評。,
1153,冷眼旁觀,漠然在邊上看,以冷靜或冷淡的態度在一旁觀看。,
1154,劍拔弩張,刀出鞘箭上弦,形容形勢緊張，雙方一觸即可能衝突。,南朝梁・袁昂〈古今書評〉
1155,百般刁難,處處故意找碴,用各種手段故意為難別人。,
1156,花容月貌,美女嬌豔的模樣,形容女子容貌美麗。,
1157,滾瓜爛熟,背誦得非常流利,形容背誦或熟練得十分流利純熟。,
1158,風雨飄搖,在暴霖中晃動,在風雨中飄蕩搖擺。比喻局勢動盪不安。,
1159,表裡如一,外觀內心全相同,外在的言行與內心的想法完全一致。,
1160,能屈能伸,可彎可直適應強,形容能適應各種環境，在失意時忍耐，在得志時施展抱負。,
1161,飛簷走壁,在屋頂牆上奔跑,形容武藝高強，身手矯捷。,
1162,穿針引線,細孔裡過絲,比喻從中撮合聯繫。,
1163,揚眉吐氣,擺脫壓抑而得意,形容擺脫長期壓抑後，心情舒暢的樣子。,
1164,才貌雙全,聰明又漂亮,才學和容貌都很出眾。,
1165,烏雲密布,天空黑壓壓要下雨,黑雲布滿天空，快要下雨。也比喻情勢緊張危急。,
1166,一觸即發,弓弦拉滿隨時射出,比喻情勢非常緊張，稍一觸動就會爆發。,
1167,欺軟怕硬,專挑弱的打壓,欺負軟弱的人，害怕強硬的人。,
1168,坐吃山空,只花不賺耗盡,只消費而不生產，即使財產再多也會耗盡。,
1169,三十而立,年屆卅歲事業有成,人到三十歲應有所成就。,《論語・為政》
1170,喋喋不休,嘮叨講個沒完,說話嘮叨，沒完沒了。,
1171,天荒地老,時間極久遠,天變荒了，地變老了。形容經歷的時間非常久遠。,唐・李賀〈致酒行〉
1172,舉手之勞,抬抬胳膊的小事,比喻事情輕而易舉，不費力氣。,
1173,強詞奪理,硬拗歪說,明明沒有道理，卻硬說成有理。,
1174,重蹈覆轍,再犯同樣錯誤,比喻不吸取教訓，重犯以前的錯誤。,
1175,鬼斧神工,大自然的奇妙雕刻,形容技藝精巧，非人力所能及。,
1176,拱手讓人,白白送給對方,恭敬地把東西讓給別人，比喻輕易地讓給他人。,
1177,無中生有,憑空捏造出來,本來沒有的卻硬說成有。指憑空捏造。,
1178,扶老攜幼,攙著長者牽小孩,扶著老人，牽著小孩，形容全家或眾人同行。,
1179,暗箭傷人,背後偷射害他,比喻暗中用手段害人。,
1180,因小失大,貪便宜吃虧更多,為了小利益而損失大利益。,
1181,毛手毛腳,粗心冒失,形容做事粗心大意，不穩重。,
1182,哄堂大笑,滿屋子人樂翻,全場的人同時大笑起來。,
1183,身無分文,口袋空空,身上連一分錢也沒有，形容極為貧窮。,
1184,遠走高飛,離家奔天涯,比喻遠遠離開，到很遠的地方去。,
1185,流芳百世,美名永遠傳頌,美好的名聲永遠流傳後世。,
1186,活蹦亂跳,孩子精力充沛,形容歡樂而充滿活力的樣子。,
1187,東拼西湊,到處找來勉強合起,從各處零散拼湊起來。,
1188,借刀殺人,利用他手除去仇敵,比喻自己不出面，利用別人去害人。,
1189,漁翁得利,打魚老人撿便宜,比喻雙方爭持不下，讓第三者得利。,
1190,抱頭痛哭,相擁悲傷流淚,形容非常悲傷，相互擁抱而哭。,
1191,落落大方,舉止自然不拘謹,形容言談舉止自然、不拘束。,
1192,明爭暗鬥,檯面上下都較勁,公開和暗地裡都在互相爭鬥。,
1193,舉棋不定,猶豫難下決心,比喻做事猶豫不決。,《左傳・襄公二十五年》
1194,淚眼汪汪,快要哭出來,眼中充滿淚水的樣子。,
1195,勢不兩立,雙方水火難容,雙方矛盾尖銳，不能同時存在。,
1196,飛沙走石,狂飆捲起砂礫,沙土飛揚，石頭滾動。形容風勢猛烈。,
1197,華而不實,只開花沒結果,只開花不結果。比喻外表好看而內容空虛。,《左傳・文公五年》
1198,名不副實,稱號跟能力沒相符,名稱或名聲與實際情況不相符合。,
1199,鄭人買履,量腳尺寸忘在家,比喻做事死守教條，不知變通。,《韓非子・外儲說左上》
1200,手到擒來,輕鬆就捉住敵人,比喻做事容易，一出手就能成功。,
1201,模稜兩可,說話含糊不表態,態度或意見含糊，不明確表態。,
1202,閉門造車,關起來自己做輪子,比喻只憑主觀想法辦事，不顧客觀實際。,
1203,鋪張浪費,擺排場亂花錢,為了講究排場而浪費。,
1204,忍氣吞聲,受委屈不敢吭,受了氣也不敢出聲。,
1205,惱羞成怒,丟臉後生氣,因羞愧到極點而轉為發怒。,
1206,老少咸宜,大人小孩都喜歡,老人和年輕人都適合。,
1207,反客為主,來訪者變成東道,比喻變被動為主動，或轉次要為主要。,
1208,瞞天過海,騙皇帝渡大洋,比喻用欺騙手段暗中行事。,
1209,高朋滿座,賓客擠爆屋,高貴的賓客坐滿了席位，形容賓客眾多。,唐・王勃〈滕王閣序〉
1210,相依為命,彼此靠著過活,互相依靠著過日子，誰也離不開誰。,
1211,苦口婆心,耐著性子反覆勸告,形容懷著好心，不厭其煩地反覆勸說。,
1212,弄巧成拙,想耍聰明反壞事,本想耍巧，結果反而壞了事。,
1213,青紅皂白,藍赤黑素四種顏色,比喻事情的是非、原委。,
1214,萬丈深淵,看不見底的懸崖谷,極深的深淵，比喻危險的境地。,
1215,如出一轍,像同道車輪痕,比喻言行或事情非常相似。,
1216,錦囊妙計,袋中藏著好主意,比喻能及時解決問題的高明辦法。,
1217,搖尾乞憐,像小狗討好,比喻卑躬屈膝、討好別人以求憐憫。,唐・韓愈〈應科目時與人書〉
1218,原封不動,連包裝都沒拆,保持原樣，一點也沒有變動。,
1219,烏合之眾,臨時湊成的雜牌軍,比喻臨時聚合、毫無組織紀律的一群人。,《後漢書・耿弇傳》
1220,天作之合,上蒼安排的婚姻,上天撮合的婚姻，形容婚姻美滿。,《詩經・大雅・大明》
1221,多愁善感,林黛玉愛流淚,容易憂愁傷感。,
1222,汗流浹背,熱得衣服溼透,汗水流得滿背都是，形容非常炎熱或驚恐。,
1223,安然無恙,平平順順沒受傷,平安無事，沒有受到損害。,
1224,歡欣鼓舞,高興得跳起來,形容非常高興而振奮。,
1225,噓寒問暖,關心冷熱體貼照顧,形容對人生活十分關心。,
1226,搖搖欲墜,晃來晃去快要掉了,搖晃得快要掉下來。形容非常不穩固。,
1227,害群之馬,一個帶壞全體,比喻危害集體或團體的人。,《莊子・徐無鬼》
1228,虎虎生風,動作威猛有氣勢,形容動作或氣勢威武雄壯，很有精神。,
1229,大發雷霆,暴怒咆哮像霹靂,比喻大發脾氣，高聲訓斥。,
1230,同病相憐,遭遇類似互疼,有同樣不幸遭遇的人互相同情。,
1231,望塵莫及,遠遠趕不上,比喻遠遠落後，趕不上。,
1232,判若兩人,前後變得截然不同,形容前後言行差異很大。,
1233,同流合汙,跟壞人一起壞,跟著壞人一起做壞事。,
1234,愛屋及烏,喜歡人連帶其所有,比喻愛一個人而連帶愛和他有關的人或物。,
1235,重整旗鼓,收拾軍隊再出發,比喻失敗後重新集合力量再做。,
1236,談笑風生,邊聊邊樂興致高,談話時有說有笑，興致高昂。,
1237,大開眼界,見到新奇事物,形容增長見識，看到前所未見的事物。,
1238,大快朵頤,盡情享用盛宴,形容盡情享受美食。,
1239,有眼無珠,看不出真正價值,比喻沒有識別事物的能力。,
1240,呼朋引伴,召集好友,招呼朋友，聚在一起。,
1241,峰迴路轉,山徑曲折繞來繞去,山勢迂迴，道路曲折。也比喻事情經過波折後出現轉機。,宋・歐陽脩〈醉翁亭記〉
1242,五臟六腑,肚子裡的器官,泛指人體內部器官，也比喻事物內部情況。,
1243,一語雙關,說話藏兩層意思,一句話同時含有兩種意思。,
1244,笨手笨腳,動作不靈活,形容動作不靈巧。,
1245,好高騖遠,目標太大不踏實,不切實際地追求過高、過遠的目標。,
1246,小鳥依人,嬌柔可愛惹憐愛,形容女子或小孩嬌柔可愛，依偎在人身邊的樣子。,
1247,狂風暴雨,強颱帶來猛烈降水,猛烈的風和大雨。也比喻激烈的事態或險惡的處境。,
1248,動手動腳,隨便碰觸人,指人動作輕佻，對別人隨意碰觸。,
1249,青雲直上,官職地位迅速高升,比喻官位或地位迅速高升。,
1250,一笑置之,莞爾後不放心上,笑一笑就放在一邊，表示不在意。,
1251,萬里無雲,整片天空乾乾淨淨,廣闊的天空中沒有一絲雲彩。形容天氣晴朗。,
1252,光芒萬丈,太陽閃耀燦爛,形容光輝燦爛。,
1253,萬家燈火,夜晚城市亮晶晶,形容夜晚城市燈光通明的景象。,
1254,千載難逢,極罕見的好機會,一千年也難遇到一次，形容機會難得。,
1255,自吹自擂,猛誇我很厲害,比喻自我吹噓、誇耀。,
1256,智勇雙全,聰明又有膽量,既有智謀又很勇敢。,
1257,心潮澎湃,情緒激動起伏不定,形容心情非常激動，像潮水般起伏。,
1258,欣欣向榮,草木長得很茂盛,形容草木茂盛，比喻事業蓬勃發展。,晉・陶淵明〈歸去來辭〉
1259,不學無術,沒讀書沒本事,沒有學問，也沒有能力。,《漢書・霍光傳》
1260,侃侃而談,神態從容地講,理直氣壯、從容不迫地說話。,
1261,一技之長,有門手藝能謀生,擁有某種專門的技能或特長。,
1262,名揚四海,聲譽傳遍天下,名聲傳遍各地。,
1263,起死回生,讓垂危者復活,使將死的人活過來，比喻挽救看似無望的局面。,
1264,才高八斗,曹植文采冠天下,形容文才極高。,
1265,度日如年,一天好難熬,過一天就像過一年那麼長。形容日子非常難熬。,
1266,死裡逃生,從險境中活下來,從極危險的處境中逃脫，倖免於死。,
1267,金蟬脫殼,悄悄溜走避開,比喻用計脫身，使對方不能及時察覺。,
1268,雷電交加,轟隆聲伴著閃光,雷聲和閃電同時出現。形容天氣惡劣。,
1269,中流砥柱,激湍裡屹立的巨岩,比喻能擔當重任、支撐危局的人或力量。,
1270,樂不思蜀,阿斗在洛陽享福,比喻樂而忘返，或樂而忘本。,《三國志・蜀書・後主傳》裴松之注引《漢晉春秋》
1271,教學相長,師生互助進步,教與學互相促進，雙方都能進步。,《禮記・學記》
1272,骨瘦如柴,身形乾癟細弱,形容非常消瘦。,
1273,背井離鄉,告別家園去外地,指離開家鄉到外地生活。,
1274,另眼相看,特別重視對待,用不同的眼光看待，表示重視。,
1275,朝令夕改,規定一天之內就變,早上發布的命令，到晚上就更改。比喻政令或主張反覆無常。,漢・晁錯〈論貴粟疏〉
1276,水漲船高,潮位上升舟也升,水位上漲，船身也隨之升高。比喻事物隨著所憑藉的基礎提高而提高。,
1277,大器晚成,很遲才功名顯達,比喻有大才能的人往往較晚才有成就。,《老子》第四十一章
1278,後來居上,晚到的柴堆在頂端,比喻後起的人或事物超越先前的。,《史記・汲鄭列傳》
1279,五雷轟頂,被閃電打中頭,比喻遭受沉重打擊而震驚。,
1280,白雪皚皚,滿山銀色冰晶覆蓋,形容積雪潔白一片的景象。,
1281,禍從口出,亂講話招來災難,災禍往往由說話不謹慎所引起。,
1282,海市蜃樓,空中出現的幻景,比喻虛幻不實的事物。,
1283,一拍即合,兩人擊掌就談妥,比喻彼此意見相投，很快就達成共識。,
1284,鵝毛大雪,飄落片片如羽絨,形容雪花像鵝毛一樣大，雪下得很大。,
1285,落荒而逃,狼狽奔向野外,離開大路往荒野逃去，形容打了敗仗狼狽逃竄。,
1286,欲擒故縱,想抓住卻先放走,比喻為了更好地控制，故意先放鬆一步。,
1287,堅如磐石,穩固得像巨岩,像大石頭一樣堅固。比喻非常穩固，不可動搖。,
1288,墨守成規,死抱舊辦法,比喻守舊而不知變通。,
1289,後會有期,改天再見面,以後還有見面的機會。多用於分別時的道別語。,
1290,迎刃而解,刀鋒一到就裂開,比喻問題容易解決。,
1291,震耳欲聾,聲音極大,形容聲音非常大，幾乎要把耳朵震聾。,
1292,見多識廣,走遍各地閱歷豐,見過的多，知道的廣。,
1293,水天一色,湖面與藍空相連,水光與天色相連，融成一片。形容水域遼闊。,
1294,一年半載,大約十二個月,一年或半年，泛指不太長的一段時間。,
1295,若無其事,像什麼都沒發生,好像沒有那回事一樣。形容遇事鎮定或不在意。,
1296,神機妙算,謀略高明料得準,形容計謀高明，預料準確。,
1297,箭在弦上,弓已拉滿待射,比喻事情已到不得不做的地步。,
1298,六親不認,連家人都翻臉,形容不講情面，對親人也不顧。,
1299,初出茅廬,孔明剛離開草屋,比喻剛進入社會或初到工作崗位，缺乏經驗。,
1300,衝鋒陷陣,帶頭殺入敵營,奮勇向前衝殺，攻入敵陣，形容作戰勇猛。,
1301,街頭巷尾,城裡大小路口,指城鎮中大大小小的街道巷弄。,
1302,名利雙收,聲譽財富都到手,名聲和財富都得到。,
1303,不翼而飛,沒長翅膀卻消失,沒有翅膀卻飛走了。比喻東西突然不見。,
1304,載歌載舞,邊唱邊跳,又唱歌又跳舞，形容盡情歡樂。,
1305,千瘡百孔,到處都是破洞,形容破損嚴重或弊病極多。,
1306,藕斷絲連,分手仍舊牽掛,藕已折斷，絲還連著。比喻表面斷絕關係，實際仍有牽連。,
1307,歷歷在目,清楚浮現眼前,形容過去的事情清楚地呈現在眼前。,
1308,滴水成冰,寒到液體立刻凍結,水一滴下就結成冰。形容天氣極為寒冷。,
1309,萬眾矚目,大家都盯著看,受到眾人關注。,
1310,一枝獨秀,花叢中僅它盛開,比喻在同類中表現特別突出。,
1311,水洩不通,擠得密密麻麻,連水都流不出去。形容擁擠或包圍得非常嚴密。,
1312,多多益善,數量越大越好,指越多越好。,《史記・淮陰侯列傳》
1313,如膠似漆,黏得緊緊的情侶,形容感情深厚，難捨難分。,
1314,指桑罵槐,借題暗中數落,比喻表面上罵這個人，實際上是罵另一個人。,
1315,無地自容,羞得想躲起來,羞愧得沒有地方可以藏身。,
1316,源遠流長,歷史悠久傳承不斷,源頭很遠，水流很長。比喻歷史悠久，根基深厚。,
1317,座無虛席,每個位子都坐滿,形容出席的人很多。,
1318,大打出手,激烈鬥毆,指兇狠地打架或動手鬥毆。,
1319,狡兔三窟,多留幾條退路,比喻藏身的地方多，或有多種避禍的準備。,《戰國策・齊策四》
1320,回頭是岸,改過就能得救,比喻犯錯的人只要悔改，就有出路。,
1321,弱不禁風,纖瘦得一吹就倒,身體虛弱，連風吹都承受不住。,
1322,烏煙瘴氣,黑霧污濁一片,比喻環境混亂嘈雜，社會黑暗。,
1323,煥然一新,整個像剛買的,形容出現了嶄新的面貌。,
1324,恩將仇報,被幫忙卻害人,用仇恨回報別人的恩惠。,
1325,五福臨門,好運全進家,各種福氣同時降臨，是吉祥話。,
1326,聚沙成塔,細粒堆出高樓,聚集細沙成為寶塔。比喻積少成多。,
1327,千姿百態,形狀各不相同,形容姿態多種多樣。,
1328,夾道歡迎,路兩旁站滿人接待,人們排列在道路兩旁熱烈歡迎。,
1329,赴湯蹈火,不怕任何危險,比喻不避艱險，奮不顧身。,
1330,琅琅上口,唸起來很順,誦讀時聲音響亮流利，形容文辭通暢易讀。,
1331,晴空萬里,遼闊無邊的藍天,天空晴朗，廣闊無邊。形容天氣非常好。,
1332,氣急敗壞,惱羞跳腳,形容十分慌張或惱怒的樣子。,
1333,隔牆有耳,說話小心被偷聽,比喻祕密談話也可能有人偷聽，要小心洩漏。,
1334,郎才女貌,聰明男配美人,男子有才華，女子有美貌，形容男女十分相配。,
1335,栩栩如生,像活的一樣,形容藝術作品生動逼真，好像活的一樣。,
1336,趾高氣揚,走路抬頭挺胸,走路時腳抬得很高，神氣十足。形容驕傲自滿。,
1337,拭目以待,擦亮雙眼等候,形容殷切期待或密切關注事情的發展。,
1338,山重水複,峰巒層疊彎彎繞,山巒重疊，水流曲折。形容道路迂迴難行，也比喻陷入困境。,宋・陸游〈遊山西村〉
1339,三年五載,好幾個寒暑,泛指三五年的時間。,
1340,雞飛狗跳,禽畜亂竄一片混亂,形容驚慌混亂，秩序大亂。,
1341,神采奕奕,精力飽滿,精神旺盛、容光煥發的樣子。,
1342,熱淚盈眶,感動到哭,形容非常感動或悲傷。,
1343,失魂落魄,丟了神似的,形容心神不寧、驚慌或沮喪的樣子。,
1344,吞雲吐霧,抽菸噴出白煙,形容抽菸時煙霧繚繞的樣子。,
1345,若有所思,好像在想事情,好像在思考什麼的樣子。,
1346,搬弄是非,到處挑撥傳閒話,把別人背後說的話傳來傳去，有意挑撥。,
1347,冠冕堂皇,官帽華麗殿宇大,形容外表莊嚴體面，實際未必如此。,
1348,囫圇吞棗,整顆嚥下不咀嚼,把棗子整個吞下。比喻學習不求甚解，不加分析。,
1349,別出心裁,想到獨特的點子,獨創一格，與眾不同。,
1350,振臂一呼,舉起胳膊號召,揮動手臂呼喊號召。,
1351,琴瑟和鳴,兩種弦樂器合奏,比喻夫婦感情融洽和諧。,
1352,一星半點,極少的小碎屑,形容極少、極細微的數量。,
1353,人多嘴雜,眾口紛紛議論,人多意見多，也指人多容易洩漏消息。,
1354,五花大綁,被繩子捆得緊緊,用繩索將人緊緊捆綁。,
1355,俯拾即是,彎腰就撿得到,只要彎下身子就能撿到。形容數量很多，隨處可得。,
1356,河東獅吼,悍妻怒罵丈夫,比喻妻子凶悍，對丈夫大發脾氣。,
1357,探囊取物,伸手進口袋拿東西,比喻事情輕而易舉。,
1358,見風轉舵,跟著情勢改變立場,比喻看情勢而隨時改變態度或立場。,
1359,嫉惡如仇,痛恨壞事,憎恨壞人壞事，就像憎恨仇敵一樣。,
1360,搖頭擺尾,狗兒得意晃身,形容得意或輕狂的樣子。,
1361,魚水情深,關係親密難分,比喻關係非常親密，像魚和水一樣分不開。,
1362,卑躬屈膝,低聲下氣討好,形容沒有骨氣，諂媚奉承。,
1363,豐功偉業,巨大的貢獻成就,偉大的功績和事業。,
1364,風中殘燭,快熄滅的蠟光,比喻年老體衰，臨近死亡。,
1365,塗脂抹粉,臉上擦胭紅,原指婦女化妝打扮，後比喻對醜惡的事物加以掩飾、美化。,
1366,前呼後擁,身邊一群隨從簇圍,前面有人吆喝開路，後面有人簇擁護衛。形容排場很大。,
1367,貌合神離,表面和睦內心疏,表面上關係很好，實際上心意不合。,
1368,錙銖必較,極小的錢也計算,形容對極少的錢或極小的事都要計較。,
1369,樂善好施,喜歡捐助窮人,樂於行善，喜歡施捨幫助別人。,
1370,草長鶯飛,暮春江南美景,形容江南暮春的美好景色。,南朝梁・丘遲〈與陳伯之書〉
1371,付諸東流,丟進河裡漂走,比喻希望落空或前功盡棄。,
1372,曲徑通幽,彎小路走向僻靜處,彎曲的小路通往幽深僻靜的地方。,唐・常建〈題破山寺後禪院〉
1373,刀槍不入,兵器傷害無效,刀和槍都傷不了，形容身體堅不可摧，也比喻頑固不受影響。,
1374,低三下四,彎腰討好別人,形容卑賤、低聲下氣的樣子。,
1375,一字之師,鄭谷替齊己改詩,指改正一個字而使詩文更好的人。,
1376,三從四德,古代婦女的規範,舊時禮教要求婦女遵守的道德規範。,
1377,茶飯不思,吃喝都沒胃口,形容心事重重或極度憂愁，連吃喝都沒有心思。,
1378,心猿意馬,思緒靜不下來,比喻心思浮動散亂，無法專心。,
1379,睚眥必報,瞪一眼也要復仇,比喻心胸狹窄，極小的怨恨也必定報復。,《史記・范雎蔡澤列傳》
1380,珠光寶氣,滿身首飾閃閃發亮,形容服飾華麗，富貴逼人。,
1381,勞苦功高,辛勤多貢獻大,做事勤苦，功勞很大。,
1382,倒行逆施,違背常理胡亂做事,指做事違背常理，或行為反動。,《史記・伍子胥列傳》
1383,攻城略地,奪取敵國疆土,攻下城池、奪取土地。,
1384,望風而逃,遠遠瞧見就跑,遠遠望見對方的氣勢就逃走。,
1385,一紙空文,條款寫了卻不實行,只是寫在紙上而沒有實行的條文或計畫。,
1386,血氣方剛,年少衝動有勁,形容年輕人精力旺盛，容易衝動。,《論語・季氏》
1387,偃旗息鼓,收兵不再進攻,放倒軍旗、停止擊鼓，比喻停止行動或暫時休戰。,
1388,彈無虛發,槍槍都打中,每一發子彈都命中目標，形容射擊技術高超。,
1389,老驥伏櫪,年高仍有壯志,比喻年紀雖老仍懷有雄心壯志。,漢・曹操〈步出夏門行〉
1390,一筆勾銷,把帳本全部劃掉,比喻把一切全部取消，不再追究。,
1391,將功贖罪,立大勳抵銷過錯,以功勞抵償罪過。,
1392,珠聯璧合,寶玉串成一串,比喻美好的人或事物聚在一起。,
1393,單刀赴會,關羽獨自去宴席,比喻有膽識，敢於獨自冒險。,
1394,面有難色,露出困擾表情,臉上露出為難的神情。,
1395,大喜過望,比預期更開心,結果超過原本的期望，因而非常高興。,《史記・黥布列傳》
1396,將信將疑,心裡猶豫真假,又相信又懷疑，無法確定。,
1397,食指大動,見佳餚手直跳,形容看到美食時貪饞的樣子。,《左傳・宣公四年》
1398,暮鼓晨鐘,寺院早晚的報時聲,比喻能使人警覺醒悟的話。,
1399,固若金湯,城牆堅牢護城河燙,形容防守嚴密，堅不可摧。,
1400,花天酒地,整日吃喝玩樂,形容沉迷於酒色、尋歡作樂的生活。,
1401,和風細雨,溫柔吹拂綿綿小霖,溫和的風、細小的雨。比喻態度溫和，方式和緩。,
1402,清風明月,微涼夜晚玉盤高掛,清涼的風和明亮的月亮。形容夜景清幽，也比喻悠閒自在。,
1403,雙宿雙飛,鴛鴦形影相隨,比喻情侶形影不離。,
1404,交口稱讚,大家都誇,眾人一致讚揚。,
1405,少年老成,青春卻很穩重,年紀雖輕卻老練穩重。,
1406,扶搖直上,大鵬乘旋風高飛,比喻地位、名聲、價格等迅速上升。,《莊子・逍遙遊》
1407,流離失所,到處漂泊沒地方住,因災禍而轉徙離散，沒有安身之處。,
1408,功虧一簣,只差最後筐土,堆山只差一筐土而沒完成，比喻事情只差最後一點而失敗。,《尚書・旅獒》
1409,大聲疾呼,拉開嗓子高喊,大聲呼喊，以引起人們注意。,
1410,乘龍快婿,岳父眼中的好郎君,稱讚別人的女婿才貌出眾，令人滿意。,
1411,七老八十,白髮駝背的長者,形容年紀很大。,
1412,馬耳東風,聽了當沒聽見,比喻對別人的話毫不在意，聽過就忘。,
1413,引火燒身,點燃烈焰波及自己,比喻自討苦吃或自找災禍。,
1414,博學多聞,讀書無數見識廣,學問廣博，見識豐富。,
1415,陽春白雪,深奧高雅的古曲,原指戰國時楚國的高雅歌曲，後泛指高深、不通俗的文藝作品。,戰國楚・宋玉〈對楚王問〉
1416,口沫橫飛,講得唾液四濺,形容說話時情緒激動，滔滔不絕。,
1417,珍禽異獸,稀有的動物,指珍貴奇異的鳥獸。,
1418,子虛烏有,根本不存在的事,指虛構、不存在的人或事。,漢・司馬相如〈子虛賦〉
1419,虎頭虎腦,孩子壯實可愛,形容健壯憨厚的樣子，多指小孩。,
1420,日月無光,兩大天體都黯淡,太陽和月亮都失去光彩。形容天色昏暗，也比喻局勢黑暗。,
1421,勇冠三軍,膽量全隊伍第一,勇猛為全軍第一。,
1422,坐收漁利,從中撿便宜,比喻利用他人的爭執而從中得利。,
1423,沙裡淘金,從泥砂中篩出寶,比喻從大量材料中選取精華，也比喻費力多而收效少。,
1424,沁人心脾,清香讓身體舒暢,形容香氣或飲料使人感到舒適。,
1425,綠草如茵,青翠地面像地毯,綠油油的草地像柔軟的地毯。,
1426,洪水猛獸,滔滔大浪和惡狼,比喻極大的禍害。,
1427,原形畢露,本來面目全被看穿,本來的面目完全暴露出來。,
1428,百鍊成鋼,鐵經反覆鍛打,比喻經過長期磨練而變得堅強。,
1429,以訛傳訛,錯消息越說越錯,把錯誤的話繼續傳下去，越傳越錯。,
1430,走南闖北,四處漂泊打拼,形容到過許多地方，經歷豐富。,
1431,力透紙背,筆勢穿過稿張,形容書法剛勁有力，也形容文章深刻。,
1432,百無聊賴,托腮發悶沒事做,精神空虛，無所寄託，非常無聊。,
1433,赤膊上陣,許褚脫掉衣服打仗,比喻不講策略，毫無掩護地蠻幹。,
1434,竭澤而漁,抽乾池塘抓光,比喻只顧眼前利益，不留餘地，不考慮長遠。,《呂氏春秋・義賞》
1435,浪跡天涯,到處漂泊流落遠方,到處漂泊，行蹤不定。,
1436,趨之若鶩,一窩蜂搶著去,比喻許多人爭相追逐。,
1437,盛氣凌人,態度傲慢壓迫,以驕橫的氣勢壓迫別人。,
1438,萬死不辭,願拚命去做,即使死一萬次也不推辭，表示願意冒險犯難。,
1439,一葉扁舟,湖上小小木船,形容一艘小船。,
1440,枕戈待旦,頭靠兵器等到天亮,形容殺敵心切，時刻準備作戰。,《晉書・劉琨傳》
1441,風馳電掣,快如疾飆與閃光,像風吹、電閃一樣迅速。形容速度極快。,
1442,迎頭痛擊,正面猛攻敵人,迎面給予狠狠的打擊。,
1443,斗轉星移,夜空繁點位置變了,北斗轉向，眾星移位。表示時間流逝、季節變換。,
1444,抽絲剝繭,從蠶殼中理出細縷,比喻層層分析，探究事理的真相。,
1445,男耕女織,丈夫種田妻子紡布,男子耕田，女子織布。形容農家分工合作的生活。,
1446,一唱一和,你歌我應配合好,比喻兩人互相配合、彼此呼應。,
1447,七步之才,曹植限時作詩,形容文思敏捷，才華過人。,南朝宋・劉義慶《世說新語・文學》
1448,抱薪救火,揹著柴草去滅焰,比喻用錯方法消除禍患，反使禍害擴大。,《戰國策・魏策三》
1449,恃強凌弱,大欺小,仗著自己強大而欺負弱小。,
1450,降龍伏虎,制服猛獸的神通,比喻力量強大，能制服強敵或克服困難。,
1451,火樹銀花,燈海與爆竹光彩,形容燈火或煙火燦爛輝煌的景象。,唐・蘇味道〈正月十五夜〉
1452,巧舌如簧,嘴巴像笙片動聽,形容能說會道，善於狡辯。,
1453,千夫所指,被眾人責罵,形容為眾人所指責。,
1454,盤根錯節,老樹底下糾纏交織,樹根盤繞，枝節交錯。比喻事情繁難複雜，不易處理。,《後漢書・虞詡傳》
1455,金口玉言,帝王說的話,指帝王說的話，也比喻說話算數、不能更改。,
1456,少見多怪,未經世面大驚,見識少，遇到平常事也覺得奇怪。,
1457,孤苦伶仃,沒依沒靠好可憐,孤單困苦，無依無靠。,
1458,輕車熟路,走慣的道兒好駕,比喻對事情熟悉，做起來容易。,
1459,門庭冷落,家前沒有客人來訪,形容來訪的人很少，十分冷清。,
1460,七顛八倒,東歪西斜亂成團,形容紛亂無序。,
1461,衣冠楚楚,穿戴整齊鮮明,形容衣著整潔漂亮。,
1462,刎頸之交,同生共死的朋友,比喻可以同生死、共患難的朋友。,《史記・廉頗藺相如列傳》
1463,目不暇給,美物太多看到眼花,形容美好的事物太多，眼睛來不及看。,
1464,一面之詞,只聽單方說法,爭執中某一方所說的話。,
1465,兵不血刃,沒經廝殺就獲勝,兵器上沒有沾血，指不經過戰鬥就取得勝利。,《荀子・議兵》
1466,牽腸掛肚,時時惦記擔憂,形容非常掛念，放心不下。,
1467,石破天驚,出人意表令人震撼,形容文章或言論新奇驚人。,唐・李賀〈李憑箜篌引〉
1468,與虎謀皮,向猛獸討要牠的毛,比喻跟惡人商量要他犧牲自身利益，絕不可能成功。,
1469,萬箭穿心,胸口插滿利矢,比喻內心極度悲痛。,
1470,推陳出新,捨棄老套另行創造,去除舊的，創造新的。,
1471,青面獠牙,藍臉長尖齒,形容面目猙獰可怕。,
1472,外強中乾,看似壯碩實則虛弱,外表看似強大，內裡實則虛弱。,《左傳・僖公十五年》
1473,桃之夭夭,粉紅花朵開得茂盛,桃花盛開，豔麗茂盛。原形容女子出嫁，後也常諧音作「逃之夭夭」。,《詩經・周南・桃夭》
1474,鳴金收兵,敲鑼讓軍隊撤回,敲鑼使軍隊撤回，比喻結束某項行動。,
1475,前仰後合,笑到身體亂晃,身體前後晃動，形容大笑時無法自持的樣子。,
1476,食古不化,死讀舊書難活用,比喻學古而不能靈活運用。,
1477,骨肉相連,關係極密切,比喻關係非常密切，不可分離。,
1478,克己復禮,約束自身守規範,克制自己的私欲，使言行合乎禮節。,《論語・顏淵》
1479,怒目而視,瞪眼生氣看人,睜大眼睛憤怒地看著對方。,
1480,大手大腳,花錢不節省,形容用錢浪費，不知節制。,
1481,日進斗金,每天賺大筆錢,形容收入極多。,
1482,似曾相識,好像見過,好像曾經見過面。,宋・晏殊〈浣溪沙〉
1483,炙手可熱,燙得無法觸碰,比喻權勢盛大，氣焰逼人；也形容非常受歡迎。,唐・杜甫〈麗人行〉
1484,瓜田李下,易惹嫌疑的場合,比喻容易引起嫌疑的場合。,
1485,人困馬乏,兵卒坐騎都累壞,形容旅途或戰鬥後十分疲勞。,
1486,遺臭萬年,壞名聲永久流傳,壞名聲永遠流傳下去，受人唾罵。,
1487,豺狼當道,惡人掌權,比喻殘暴奸邪的人掌握大權。,《後漢書・張綱傳》
1488,百密一疏,嚴謹仍有漏洞,再周密的考慮，也難免有疏漏。,
1489,半新不舊,穿過幾次的衣物,不太新也不太舊。,
1490,虛有其表,只是外觀好看,空有好看的外表，實際上並不怎麼樣。,
1491,醉生夢死,糊塗度日喝酒睡覺,形容糊里糊塗、無所作為地生活。,
1492,聞一知十,聽到片段便通全部,形容天資聰穎，善於推理。,《論語・公冶長》
1493,萬夫莫敵,勇猛無人能擋,形容非常勇猛，無人能抵擋。,
1494,泥牛入海,一去沒有消息,比喻一去不復返，毫無消息。,
1495,直搗黃龍,岳飛誓攻金國巢穴,比喻直接攻入敵人的巢穴。,
1496,倦鳥知返,飛累了就歸巢,比喻在外奔波的人想回到家鄉。,
1497,樂不可支,高興到難以承受,快樂到了極點，難以承受。,《後漢書・張堪傳》
1498,兄友弟恭,手足長幼和睦,兄長友愛弟弟，弟弟敬重兄長。,
1499,心慈手軟,善良不忍狠打,心地仁慈，不忍心下重手處置。,
1500,人去樓空,屋主離開房子閒置,人已離去，只留下空的樓房。形容思念故人或景物淒涼。,
1501,傾巢而出,全部的人都動員,比喻全部出動。,
1502,名山大川,著稱的峰嶺與江河,指著名的高山和大河。,
1503,千迴百轉,山路彎彎曲曲,形容曲折迂迴，也比喻歷經波折。,
1504,荒無人煙,偏遠地方沒有居民,形容地方偏僻荒涼，沒有人居住。,
1505,六畜興旺,牛羊雞豬滿圈肥壯,家畜繁盛，形容農家富足。,
1506,浴血奮戰,全身染紅地拚命打,全身沾滿鮮血，拚命奮勇作戰。,
1507,守望相助,鄰居彼此照應,鄰里之間互相守望、彼此幫助。,《孟子・滕文公上》
1508,照貓畫虎,依樣描摹,比喻照著樣子模仿，只得其形而未得其神。,
1509,春華秋實,暖季開花涼季收成,春天開花，秋天結果。比喻文采和德行，也比喻有付出就有收穫。,
1510,牛鬼蛇神,各種妖魔怪物,比喻形形色色的壞人或怪誕的事物。,唐・杜牧〈李賀集序〉
1511,喜不自勝,樂得飄飄然,高興得無法控制自己。,
1512,雷霆萬鈞,如霹靂般力量強大,形容威力極大，不可阻擋。,
1513,待價而沽,等好行情再賣,比喻等待時機或賞識才肯出來做事。,
1514,擒賊擒王,先抓匪徒首領,捉賊要先捉首領，比喻做事要抓住關鍵。,唐・杜甫〈前出塞〉
1515,嫣然一笑,美女嬌媚地莞爾,形容女子美好的笑容。,
1516,弄假成真,演戲最後變事實,本來是假裝的，結果卻變成真的。,
1517,泰山壓頂,巨峰從頭上蓋下來,泰山壓在頭頂上。比喻極大的壓力或打擊。,
1518,沸沸揚揚,消息傳得滿城議論,形容議論紛紛，傳播廣泛。,
1519,步履蹣跚,走路搖晃不穩,形容走路緩慢、搖擺不穩的樣子。,
1520,勞燕分飛,離別各奔東西,比喻夫妻或情侶離別。,
1521,餘音繞梁,歌聲在屋頂間迴盪,形容歌聲或音樂優美，令人難忘。,《列子・湯問》
1522,奇貨可居,呂不韋囤積王孫,比喻憑藉某種專長或獨占的東西來謀取利益。,《史記・呂不韋列傳》
1523,呼天搶地,哭喊撞頭,大聲呼喊蒼天、用頭撞地，形容極度悲痛。,
1524,眉目傳情,用眼神示愛,用眉眼的表情傳達愛意。,
1525,合縱連橫,蘇秦張儀遊說六國,原指戰國時合六國抗秦與使六國事秦的外交策略，後泛指政治、外交上的聯合或分化手段。,
1526,拈花惹草,四處挑逗異性,比喻到處留情，挑逗異性。,
1527,決勝千里,遠方戰事在帳中定,在軍帳中運籌謀劃，就能決定千里之外戰爭的勝負，形容謀略高明。,《史記・高祖本紀》
1528,八拜之交,義結金蘭的兄弟,指異姓結拜的兄弟。,
1529,因噎廢食,怕被卡住就不吃飯,因為吃飯噎住就不再吃飯，比喻因偶然的挫折或怕出問題，連該做的事也不做了。,
1530,曲高和寡,陽春白雪跟唱者少,比喻言論或作品不通俗，能了解的人很少。,戰國楚・宋玉〈對楚王問〉
1531,隻字不提,完全沒講起這事,一個字也不提起，形容刻意迴避。,
1532,環肥燕瘦,各具美態,形容女子體態不同，各有其美。,
1533,集腋成裘,狐狸胳肢窩毛縫衣,比喻積少成多。,
1534,出水芙蓉,剛冒上湖面的荷花,剛出水的荷花。比喻清新秀麗的女子或詩文。,
1535,沒齒難忘,一輩子記得,終身都不會忘記。,
1536,反唇相譏,回嘴諷刺對方,受到指責不服氣，反過來譏諷對方。,
1537,九泉之下,陰間地底,指人死後埋葬的地方。,
1538,搔首弄姿,故作嬌媚模樣,形容故意賣弄姿態，以引人注意。,
1539,夜長夢多,拖久就生變,比喻時間拖長，容易發生變故。,
1540,家財萬貫,非常有錢的富戶,形容家中錢財極多，非常富有。,
1541,聲嘶力竭,喊到喉嚨沙啞,嗓子喊啞了，力氣也用盡了。形容拚命呼喊。,
1542,口耳相傳,靠說話代代延續,透過口說耳聽的方式流傳下來。,
1543,氣吞山河,豪邁魄力蓋過天下,氣勢可吞沒山河。形容氣魄極大。,
1544,拂袖而去,甩衣襬轉身走,形容生氣而離開。,
1545,克勤克儉,認真工作又節省,能勤勞又能節儉。,《尚書・大禹謨》
1546,爭風吃醋,為情嫉妒,因男女關係而互相嫉妒爭奪。,
1547,屍橫遍野,戰死者躺滿郊外,屍體橫躺滿山遍野，形容死傷慘重。,
1548,論功行賞,按貢獻給獎勵,按照功勞大小給予獎賞。,
1549,惺惺相惜,英雄互欣賞,性格、才能相近的人互相愛惜。,
1550,安營紮寨,軍隊搭帳篷駐守,軍隊建立營地駐紮下來，也指暫時住下。,
1551,橫眉怒目,瞪眼兇狠樣子,形容強橫兇惡或憤怒的神情。,
1552,三姑六婆,愛嚼舌根的婦人,泛指不務正業、喜歡搬弄是非的婦女。,
1553,有口皆碑,人人稱頌,比喻人人都稱讚。,
1554,從善如流,聽好建議馬上改,樂於接受好的意見，像流水一樣自然順暢。,《左傳・成公八年》
1555,起早貪黑,天沒亮忙到深夜,起得早、睡得晚。形容非常勤勞辛苦。,
1556,名落孫山,考試沒上榜,比喻考試或選拔沒有被錄取。,宋・范公偁《過庭錄》
1557,舉步維艱,走路十分困難,比喻做事困難重重。,
1558,腥風血雨,屠殺慘烈的氛圍,風中帶著腥味，雨裡帶著血水。形容殺戮慘烈或環境極其險惡。,
1559,披麻戴孝,穿白服守喪,身披麻衣、頭戴白布，為長輩服喪。,
1560,臨淵羨魚,只空想不行動,比喻只有願望而不付諸行動，沒有實際用處。,
1561,成王敗寇,贏者稱帝輸者為賊,成功的人被奉為王者，失敗的人被視為盜賊。,
1562,張三李四,隨便某個路人,泛指某人或任何普通人。,
1563,陽奉陰違,表面聽話私下不做,表面上遵從，暗地裡卻違背。,
1564,氣貫長虹,豪情直衝天際彩帶,氣勢旺盛，像要貫穿長虹。形容正氣或氣勢磅礴。,
1565,一團漆黑,屋裡暗得看不見,形容非常黑暗，也比喻一無所知或毫無希望。,
1566,旁敲側擊,繞著彎暗示探問,比喻說話不直接點明，而從側面曲折表達。,
1567,瞻前顧後,頻頻回頭張望猶豫,看看前面又看看後面，形容做事謹慎或猶豫不決。,
1568,循循善誘,耐心引導,有步驟地耐心引導他人學習。,《論語・子罕》
1569,身先士卒,將領衝在部隊最前,比喻領導者凡事帶頭，做部屬的表率。,《史記・淮南衡山列傳》
1570,拍案叫絕,擊桌大聲稱讚,拍著桌子叫好，形容非常讚賞。,
1571,食不果腹,餓著肚子沒飯吃,形容生活貧困，連飯都吃不飽。,
1572,獨占鰲頭,考取第一名,比喻居於首位或第一名。,
1573,月黑風高,暗夜裡狂飆呼嘯,沒有月光、風又很大的夜晚。常指適合做壞事的險惡環境。,
1574,牛刀割雞,小事用大器,比喻用大材做小事，有大材小用之意。,《論語・陽貨》
1575,狼煙四起,到處烽火告急,形容邊境戰火不斷，局勢動盪不安。,
1576,金屋藏嬌,漢武帝許諾華宅,原指漢武帝欲以金屋給阿嬌居住，後比喻納妾或寵愛女子。,《漢武故事》
1577,舌戰群儒,諸葛亮辯倒眾人,在辯論中與眾多學者爭辯，並駁倒他們。,
1578,跳梁小丑,興風作亂的壞蛋,比喻上竄下跳、搗亂而成不了大事的小人。,
1579,一手遮天,獨攬大權欺上,比喻依仗權勢，玩弄手段，欺上瞞下。,
1580,銷聲匿跡,躲起來沒再露臉,隱藏起來，不再公開露面。,
1581,赤子之心,像嬰兒般純真,像嬰兒一樣純潔善良的心。,
1582,耳提面命,懇切再三教導,形容懇切地教導。,《詩經・大雅・抑》
1583,繼往開來,承接前人拓展未知,繼承前人的事業，開闢未來的道路。,
1584,百年大計,長遠的國家規劃,關係長遠利益的重要計畫。,
1585,大義滅親,為公理沒護家屬,為了維護正義，對犯罪的親人也不偏袒。,《左傳・隱公四年》
1586,奼紫嫣紅,百花繽紛色彩豔麗,形容各種花朵顏色鮮豔美麗。,明・湯顯祖《牡丹亭》
1587,死灰復燃,熄滅的炭又冒火,已熄滅的灰燼重新燃燒。比喻失勢的人重新得勢，或已停止的事物又活動起來。,《史記・韓長孺列傳》
1588,好事多磨,願望常遇波折,好的事情在實現前，往往要經歷許多挫折。,
1589,圖窮匕見,展開卷軸露出短刀,比喻事情發展到最後，真相或本意終於顯露。,《戰國策・燕策三》
1590,雞犬升天,一人得勢全家沾光,比喻一個人得勢，與他有關的人也跟著得到好處。,
1591,轉危為安,險境化成平穩,從危險轉為平安。,
1592,百讀不厭,書翻了又翻,讀了很多遍也不厭倦，形容詩文好。,
1593,血口噴人,惡意誣陷,比喻用惡毒的話誣衊別人。,
1594,奔走相告,四處報消息,奔跑著互相轉告。,
1595,黃道吉日,宜辦事的好時辰,泛指適宜辦事的吉利日子。,
1596,招蜂引蝶,惹異性注目,比喻女子招惹男子，或比喻引來輕薄之人。,
1597,鞍前馬後,追隨左右奔走效勞,比喻跟隨在人身邊，盡心盡力地效勞。,
1598,一揮而就,提筆瞬間寫完,形容寫字、作文或畫畫迅速完成。,
1599,耳聰目明,聽覺視覺靈敏,形容聽得清楚、看得分明，頭腦清醒。,
1600,片甲不留,全軍被殲滅,連一片鎧甲都沒留下，形容全軍覆滅。,
1601,裹足不前,畏縮停滯,形容有所顧慮而停步不前進。,
1602,一面之交,只碰見過那次,只見過一次面的交情，形容交情很淺。,
1603,舉目無親,四周沒有熟人,形容單身在外，沒有親人可以依靠。,
1604,明日黃花,過了時節的菊,比喻過時的事物。,宋・蘇軾〈九日次韻王鞏〉
1605,一時半刻,很短的片段光陰,指很短的時間。,
1606,斷章取義,只挑一段話來曲解,截取文章的某一段，而不顧全文原意。,
1607,氣象萬千,景色變化多端,形容景象壯麗而多變。,宋・范仲淹〈岳陽樓記〉
1608,甕中捉鱉,罈裡抓甲魚,比喻要捕捉的對象已在掌握之中，很容易得手。,
1609,逆來順受,挨欺負也忍著,對不合理的待遇採取順從忍受的態度。,
1610,言過其實,說得比真相誇張,說話誇張，超過實際情況。,《三國志・蜀書・馬良傳》
1611,一顰一笑,皺眉或嫣然莞爾,指人的細微表情。,
1612,各自為政,互不配合單獨行事,各人按自己的主張辦事，不互相配合。,
1613,良禽擇木,賢才選主而事,比喻賢能的人選擇明主效力。,
1614,物換星移,景色變遷歲月流逝,景物變換，星辰移位。比喻世事變遷，時光流逝。,唐・王勃〈滕王閣序〉
1615,促膝長談,靠得很近久聊,膝蓋靠著膝蓋，親切地長時間談話。,
1616,同床異夢,睡一起想法兩樣,比喻共事的人各有打算。,
1617,亭亭玉立,女子身材修長,形容女子身材修長美好。,
1618,皓月當空,明亮玉盤高掛夜幕,明亮的月亮高掛在天空。形容月色皎潔的夜景。,
1619,長袖善舞,衣袂寬大好跳,比喻有所憑藉，事情容易成功；也形容善於鑽營。,《韓非子・五蠹》
1620,瓊樓玉宇,月宮的華美宮殿,形容華麗的建築，也指月宮。,宋・蘇軾〈水調歌頭〉
1621,遠交近攻,聯合遙國侵略鄰邦,與遠方國家結交，進攻鄰近國家的策略。,《戰國策・秦策三》
1622,體無完膚,全身都是傷,全身沒有一塊完好的皮膚，形容傷勢極重或被批駁得一無是處。,
1623,不攻自破,謊言沒揭穿就露餡,不用攻擊就自行破敗，多指說法經不起推敲。,
1624,尖嘴猴腮,臉頰削瘦下巴突出,形容人相貌醜陋、瘦削。,
1625,慈眉善目,長相和藹,形容容貌和善慈祥。,
1626,嶄露頭角,才華剛開始顯現,比喻初次顯露出才能和本領。,
1627,名垂青史,姓氏寫入典冊,形容功業卓著，流傳後世。,
1628,縮手縮腳,畏懼不敢放開,形容膽小顧慮多，做事不敢放開。,
1629,鍥而不捨,刻刀一直刻,持續不斷地雕刻，比喻有恆心、毅力。,《荀子・勸學》
1630,囊空如洗,口袋裡沒半毛錢,形容身上一點錢也沒有。,
1631,管鮑之交,齊國兩知己的情誼,比喻交情深厚、彼此信任的朋友。,
1632,百鳥朝鳳,群禽圍繞禽中王,比喻君主聖明，天下歸心；也比喻眾望所歸。,
1633,肝腸寸斷,悲傷到極點,形容極度悲痛。,
1634,動如脫兔,行事迅速敏捷,形容行動非常迅速敏捷。,《孫子・九地》
1635,捨本逐末,放下根基去追枝節,捨棄根本，追求枝節。比喻做事不抓重點。,
1636,諱疾忌醫,蔡桓公不肯看病,比喻怕人批評而掩飾自己的缺點過錯。,
1637,空穴來風,洞口吹進的氣流,有空的洞穴，風才吹得進來。比喻流言乘隙而入，今多指消息毫無根據。,戰國楚・宋玉〈風賦〉
1638,半路出家,中年才剃度,比喻中途改行做別的事。,
1639,躍然紙上,畫裡東西像要跳出,形容描寫或刻畫得生動逼真。,
1640,滿腹經綸,很有學問才幹,形容很有學識和治理才能。,
1641,百家爭鳴,諸子學派激烈辯論,比喻學術上不同派別自由爭論。,
1642,梁上君子,躲在屋樑的小偷,指竊賊。,《後漢書・陳寔傳》
1643,亦步亦趨,跟著別人學,比喻自己沒有主張，處處模仿或追隨別人。,《莊子・田子方》
1644,一夫當關,單人守住要隘,一個人把守關口，形容地勢險要、易守難攻。,唐・李白〈蜀道難〉
1645,普天同慶,全世界一起歡祝,天下的人共同慶祝。,
1646,烽火連天,到處燃起警報狼煙,形容戰火遍地，戰爭十分激烈。,
1647,三朝元老,侍奉過幾代君王,歷經三個朝代的老臣，泛指資歷深的人。,
1648,一官半職,低微的公家差事,泛指一般的官位職務。,
1649,層巒疊嶂,群峰連綿起伏,形容山峰重重疊疊，連綿不斷。,
1650,雲泥之別,天上與地下差很多,比喻兩者高下懸殊，差別極大。,
1651,否極泰來,壞運走完好運到,壞運到了極點，好運就會來臨。,
1652,量入為出,依收益決定花費,根據收入的多少來決定開支的限度。,《禮記・王制》
1653,投筆從戎,班超棄文當兵,比喻棄文從武，投身軍旅。,《後漢書・班超傳》
1654,登堂入室,走進廳屋到內房,比喻學問或技藝由淺入深，達到高深境界。,
1655,信口雌黃,隨嘴塗改說法,比喻不顧事實，隨口亂說。,
1656,掩人耳目,遮蓋真相欺騙大家,比喻用假象來欺騙別人。,
1657,昂首闊步,仰頭神氣前行,抬起頭邁大步，形容意氣風發的樣子。,
1658,東窗事發,秦檜密謀被揭露,比喻陰謀或罪行敗露。,
1659,千里鵝毛,遠方送來的輕禮,比喻禮物雖輕，情意深厚。,
1660,紅杏出牆,妻子移情別戀,原指春色濃郁，後比喻妻子有外遇。,宋・葉紹翁〈遊園不值〉
1661,隔靴搔癢,沒抓到重點,比喻說話作文不中肯或做事沒有抓住關鍵。,
1662,獨具慧眼,目光特別敏銳,形容具有獨到的眼光和見解。,
1663,班師回朝,軍隊打完仗返京,出征的軍隊勝利歸來。,
1664,仗義執言,為公道發聲,為了正義而說公道話。,
1665,含沙射影,暗地裡用話中傷,比喻暗中攻擊或陷害人。,
1666,七擒七縱,孔明多次捉放孟獲,比喻運用策略，使對方心悅誠服。,《三國志・蜀書・諸葛亮傳》裴松之注引《漢晉春秋》
1667,面如土色,嚇得臉發白,形容極端驚恐的樣子。,
1668,一葉障目,小綠片擋住雙眼,一片葉子擋住眼睛。比喻被局部或暫時的現象蒙蔽，看不清全貌。,
1669,承歡膝下,陪在爹娘身邊,在父母身邊侍奉，使他們歡喜。,
1670,一蹶不振,跌倒後就此趴著,比喻遭受挫折後就無法再振作起來。,
1671,犬牙交錯,邊界參差不齊,形容交界處參差不齊，或形勢錯綜複雜。,
1672,一語中的,說到重點要害,一句話就說中要害。,
1673,歧路亡羊,岔道多尋不回,比喻事理複雜多變，沒有正確方向就會迷失。,《列子・說符》
1674,忘年之交,老少成好友,不拘年齡輩分差異而結交的朋友。,
1675,紙醉金迷,奢華享樂的生活,形容奢侈豪華、令人沉迷的生活。,宋・陶穀《清異錄》
1676,衣冠禽獸,品行敗壞的斯文人,比喻外表穿戴整齊而行為卑劣的人。,
1677,喪家之犬,失去歸宿狼狽不堪,比喻失去依靠、無處投奔的人。,《史記・孔子世家》
1678,拍案而起,憤怒擊桌站立,拍著桌子站起來，形容非常憤慨。,
1679,有的放矢,對準靶子射箭,比喻說話做事有明確目標。,
1680,小家碧玉,尋常百姓的女兒,指小戶人家美麗的年輕女子。,
1681,掃地出門,被趕離家財物盡失,指被驅逐出家門，財物全被剝奪。,
1682,胸無點墨,肚子裡沒有學問,形容沒有學問、文化水準低。,
1683,血流成河,死傷極多,形容被殺的人極多。,
1684,焚書坑儒,秦始皇燒典籍埋士,指秦始皇焚毀書籍、坑殺儒生的暴政。,
1685,語驚四座,一開口全場愕然,說的話使在座的人都很驚訝。,
1686,玉石俱焚,寶物與粗礫全燒毀,比喻好的和壞的一同毀滅。,《尚書・胤征》
1687,流言蜚語,沒根據的謠傳,沒有根據的話，多指背後散布的誹謗之言。,
1688,狗尾續貂,好東西接上劣品,比喻拿不好的東西續在好東西後面，前後不相稱。,《晉書・趙王倫傳》
1689,敦親睦鄰,與左右街坊交好,親近親族，和睦鄰里。,
1690,摩肩接踵,人多擁擠,肩膀相摩，腳跟相接，形容人很多。,
1691,溜鬚拍馬,諂媚討好上司,比喻諂媚奉承、巴結討好。,
1692,千錘百鍊,鐵匠反覆敲打,比喻經過長期艱苦鍛鍊或反覆修改。,
1693,口誅筆伐,用言論文字聲討,用言語和文字揭露、聲討罪行。,
1694,油頭粉面,髮光亮臉抹白,形容打扮得妖豔輕浮。,
1695,難兄難弟,陳紀陳諶不分高下,原指兄弟才德相當，今多指共患難或同樣處境的人。,南朝宋・劉義慶《世說新語・德行》
1696,天女散花,仙子從空中撒落英,天女散落花朵。也形容大雪紛飛或東西四處散落。,
1697,急如星火,事情緊迫非常趕,形容事情非常緊急，片刻不能耽擱。,
1698,妙語如珠,好句子像串珍寶,形容言語精妙動聽，一句接一句。,
1699,醍醐灌頂,澆上精純乳酪,比喻聽了高明意見而大受啟發。,
1700,疾風勁草,強飆中挺直的小苗,在強風中才能看出哪種草堅韌。比喻危難時才能考驗出人的節操。,《後漢書・王霸傳》
1701,無風起浪,平靜水面忽翻騰,比喻平白無故地生出事端。,
1702,電光石火,一閃即逝的亮點,閃電的光、擊石的火花。比喻事物轉瞬即逝，也形容極為迅速。,
1703,漏網之魚,逃脫的罪犯,比喻僥倖逃脫的人。,
1704,人聲鼎沸,吵鬧得像水滾開,人群的聲音像鍋裡的水沸騰一樣。形容非常吵雜熱鬧。,
1705,坐懷不亂,柳下惠的定力,形容男子品行端正，不受女色誘惑。,
1706,馬首是瞻,看領頭者行動,比喻服從指揮，跟隨他人行動。,《左傳・襄公十四年》
1707,怒不可遏,氣到壓抑無效,憤怒得無法抑制。,
1708,慎終追遠,祭拜祖先,謹慎辦理父母喪事，虔誠祭祀祖先。,《論語・學而》
1709,一席之地,擠出小小座位,比喻一個小小的位置或容身之處。,
1710,兩情相悅,彼此互有好感,雙方彼此相愛。,
1711,撲朔迷離,分不出雄兔雌兔,比喻事情錯綜複雜，難以辨別真相。,〈木蘭詩〉
1712,風燭殘年,老人像將熄蠟炬,比喻人到晚年，像風中搖曳的燭火，隨時可能熄滅。,
1713,目光如炬,眼神犀利有神,形容眼光明亮，見識高遠。,
1714,九五之尊,皇帝寶座,指帝王的尊位。,
1715,萬頭攢動,人群擠滿廣場,形容人群聚集、擁擠的樣子。,
1716,兔死狗烹,事成後殺功臣,比喻事情成功後，有功的人反被拋棄或殺害。,
1717,土崩瓦解,泥塊塌陶片碎,比喻徹底崩潰，不可收拾。,
1718,戛然而止,樂聲突地停住,形容聲音或事情突然停止。,
1719,高談闊論,大肆發表看法,漫無邊際地大發議論。,
1720,明鏡高懸,衙門匾額照人心,比喻官吏判案公正嚴明。,
1721,擲地有聲,文章落下發金石音,比喻文辭優美，聲調鏗鏘。,《晉書・孫綽傳》
1722,仙風道骨,超凡脫俗氣質,形容人的風度神采不同凡俗。,
1723,循規蹈矩,照著章程做事,遵守規矩，不敢違反。,
1724,月落烏啼,玉盤西沉老鴉鳴,月亮落下，烏鴉啼叫。形容天將破曉時的清冷景象。,唐・張繼〈楓橋夜泊〉
1725,國士無雙,蕭何評價韓信,指國內獨一無二的傑出人才。,《史記・淮陰侯列傳》
1726,心如止水,情緒平靜無波,形容心境平靜，不受外界干擾。,
1727,行色匆匆,趕路很急,形容出發前或行路時急急忙忙的樣子。,
1728,得隴望蜀,取了甘肅又想四川,比喻貪得無厭。,《後漢書・岑彭傳》
1729,大江東去,揚子滾滾流向海,長江水滾滾向東流去。也比喻歷史潮流不可阻擋。,宋・蘇軾〈念奴嬌・赤壁懷古〉
1730,衣不蔽體,破爛得露出身子,形容非常貧困。,
1731,剛正不阿,耿直絕沒巴結,剛強正直，不逢迎附和。,
1732,青黃不接,舊穀吃完新穀未熟,比喻人力、物力暫時中斷，接續不上。,
1733,酒酣耳熱,喝到盡興臉發燙,形容飲酒興致正濃的樣子。,
1734,字正腔圓,發音清楚好聽,發音準確，聲調圓潤。,
1735,雕梁畫棟,彩繪的屋樑柱子,形容建築物富麗堂皇。,
1736,抓耳撓腮,焦急苦思樣,形容焦急、苦悶又無法可想的樣子。,
1737,七葷八素,頭昏腦脹轉不停,形容頭腦昏亂、糊塗。,
1738,四大皆空,和尚看破紅塵,佛教指世間一切皆空無，比喻看破一切。,
1739,暗度陳倉,明修棧道另走小路,比喻暗中進行某種活動，或男女私通。,
1740,秋毫無犯,軍隊連細物都不碰,形容軍紀嚴明，不侵犯百姓。,
1741,人面獸心,外貌正常本性凶殘,比喻人凶殘卑劣，品德極壞。,《漢書・匈奴傳》
1742,遮天蔽日,煙塵擋住整片陽光,遮住天空，擋住太陽。形容事物極多、極大，或聲勢浩大。,
1743,不二法門,唯一的修行途徑,比喻最好或唯一的方法。,
1744,和盤托出,連碟子一起端上,比喻全部說出或拿出，毫無保留。,
1745,丟盔棄甲,扔掉護具逃跑,形容打了敗仗，狼狽逃走的樣子。,
1746,鋪天蓋地,聲勢浩大遍布各處,形容來勢猛烈，遍布各處。,
1747,冰消瓦解,像融化碎裂般崩散,像冰融化、瓦破碎一樣。比喻完全崩潰或消失。,
1748,過門不入,三經家宅沒進去,形容為公事忘私事，盡忠職守。,《孟子・離婁下》
1749,忍俊不禁,憋住卻噗哧,忍不住發笑。,
1750,調兵遣將,指派軍隊與統帥,調動兵力、派遣將領，也泛指調配人力。,
1751,望眼欲穿,盼得極為焦急,形容盼望得非常殷切。,
1752,危言聳聽,誇大說嚇人的話,故意說些誇大的話，使人聽了吃驚。,
1753,千古絕唱,流傳後世的名篇,指流傳久遠、無人能及的優秀作品。,
1754,蕭規曹隨,新丞相照舊章辦,比喻後人依循前人的成規辦事。,漢・揚雄〈解嘲〉
1755,汗牛充棟,書多到堆滿屋,形容藏書非常多。,唐・柳宗元〈陸文通先生墓表〉
1756,攀龍附鳳,巴結權貴求上位,比喻依附有權勢的人以求晉升。,《漢書・敘傳下》
1757,字字珠璣,每個用語都像寶玉,比喻文章或言語用詞精美。,
1758,莊周夢蝶,睡著化身昆蟲,比喻人生如夢，虛實難分。,《莊子・齊物論》
1759,水中撈月,伸手掏井裡的倒影,比喻白費力氣，徒勞無功。,
1760,七折八扣,價錢被砍很多,比喻層層扣除，所剩無幾。,
1761,筆走龍蛇,草書揮灑奔放,形容書法筆勢矯健生動，靈活奔放。,
1762,萬籟俱寂,四周靜悄悄,形容周圍非常安靜。,
1763,欲蓋彌彰,越想遮掩越明顯,想要掩蓋壞事，反而暴露得更明顯。,《左傳・昭公三十一年》
1764,皮開肉綻,被鞭打得血淋淋,形容被打得傷勢很重。,
1765,兩虎相爭,雙雄猛獸搏鬥,比喻兩強相鬥，必有一傷。,
1766,添枝加葉,描述時誇大渲染,比喻敘述事情時任意增添原來沒有的內容。,
1767,爐火純青,煉丹焰色到位,比喻學問、技藝等達到純熟完美的境界。,
1768,含情脈脈,深深凝望對方,充滿感情地默默凝視，形容飽含情意的樣子。,
1769,捶胸頓足,悲憤至極,形容非常悲傷或懊悔。,
1770,發憤忘食,用功到不記得吃飯,形容努力學習或工作。,《論語・述而》
1771,馬失前蹄,駿騎腳下踩空,比喻偶然出了差錯而遭受挫折。,
1772,破綻百出,到處都是漏洞,形容說話或做事漏洞很多。,
1773,蠅頭小利,極微薄的好處,比喻微小的利益。,
1774,臨渴掘井,口乾了才去挖水源,比喻事先不準備，事到臨頭才想辦法。,
1775,殺一儆百,懲罰首惡示眾,懲罰一人以警戒眾人。,
1776,浩如煙海,資料多到看不完,形容典籍、資料等極為豐富繁多。,
1777,心悅誠服,由衷敬佩,真心誠意地佩服。,《孟子・公孫丑上》
1778,冤家路窄,仇人偏碰頭,仇人或不想見的人偏偏相遇，無法迴避。,
1779,目不忍睹,場面淒慘難以直視,形容情景悲慘，令人不忍心看。,
1780,一決雌雄,拚個高下勝負,比喻較量一下，決定勝負高低。,
1781,魚雁往返,書信來回,比喻雙方互相通信往來。,
1782,罄竹難書,罪狀多到寫不完,用盡竹簡也寫不完。形容罪狀極多。,
1783,蕙質蘭心,女子聰慧高雅,比喻女子心地純美，品格高雅。,
1784,碩果僅存,唯一留下的珍貴者,比喻經過淘汰後僅存的珍貴人才或事物。,
1785,殘羹冷炙,吃剩的湯菜,指吃剩的飯菜，也比喻別人施捨的東西。,
1786,債臺高築,欠的錢越堆越多,形容欠債極多。,
1787,畫虎類犬,描繪猛獸卻像小狗,比喻模仿得不到家，反而弄得不倫不類。,《後漢書・馬援傳》
1788,鵲巢鳩占,強奪別人的住處,比喻強占他人的居處或位置。,
1789,揚長而去,神氣地轉身離開,大模大樣地離開。,
1790,一往無前,勇猛衝鋒不回頭,勇往直前，毫無畏懼。,
1791,青天白日,晴朗明亮的晝間,指晴朗的白天，也比喻光明磊落、清楚明白。,
1792,粉墨登場,化妝上臺演出,原指演員化妝上臺演戲，後多比喻壞人經過一番裝扮後登上政治舞臺。,
1793,請君入甕,把人放進大缸裡燒,比喻以其人之道還治其人之身。,
1794,正襟危坐,整衣嚴肅端身,整理好衣襟端正地坐著，形容嚴肅恭敬。,
1795,徐娘半老,風韻猶存的婦人,形容中年婦女仍有風韻。,《南史・后妃傳下》
1796,物是人非,東西還在故友已去,景物依舊，人事卻已改變。多用以表達懷念感傷。,
1797,稍縱即逝,一放手就消失,形容時機或事物非常短暫，稍一放鬆就不見了。,宋・蘇軾〈文與可畫篔簹谷偃竹記〉
1798,雲開霧散,陰霾消退見藍天,雲霧消散。比喻疑慮消除或局勢轉好。,
1799,六根清淨,修行人心無雜念,佛教指斷除一切慾望煩惱，比喻心地純淨。,
1800,鐵證如山,憑據牢靠無法推翻,證據確實可靠，像山一樣不可動搖。,
1801,油盡燈枯,燭心燒乾光熄滅,比喻生命走到盡頭。,
1802,甘之如飴,當成糖一樣甜,形容甘願承受艱苦。,
1803,日暮途窮,天黑路已到頭,天色已晚，路也走到了盡頭。比喻處境困難，已到末路。,
1804,抑揚頓挫,聲音高低起伏,聲音高低起伏、停頓轉折，和諧悅耳。,
1805,比翼雙飛,夫妻形影相隨,比喻夫妻恩愛，形影不離。,
1806,偷梁換柱,暗中掉包房屋支架,比喻暗中以假代真，玩弄手法。,
1807,雞犬相聞,鄰村很近,形容村落相鄰很近，人煙稠密。,《老子・第八十章》
1808,劈頭蓋臉,迎面狠狠打來,正對著頭和臉打下來，形容來勢猛烈。,
1809,同室操戈,自家人打起來,比喻自家人或內部互相爭鬥。,
1810,近水樓臺,湖畔高閣先得玉盤,比喻因接近某人或某事而優先得到好處。,
1811,孤注一擲,把全部押在最後,比喻在危急時用全部力量做最後一次冒險。,
1812,雲遊四海,漂泊天下到處走,到處遨遊，行蹤不定。,
1813,大動干戈,發起戰爭打起來,指發動戰爭，也比喻為小事大費周章或大吵大鬧。,
1814,飲鴆止渴,喝毒酒解口乾,比喻用有害的方法解決眼前困難，不顧後患。,
1815,偷雞摸狗,竊取家禽家畜,指偷竊等不正當的行為。,
1816,駕鶴西歸,人去世,婉稱人的去世。,
1817,乘興而來,子猷雪夜划船訪友,趁著興致而來。,南朝宋・劉義慶《世說新語・任誕》
1818,盲人瞎馬,失明騎者夜臨深池,比喻處境極其危險。,《世說新語・排調》
1819,舉案齊眉,妻子高捧飯盤,形容夫妻相敬相愛。,《後漢書・逸民傳・梁鴻》
1820,紫氣東來,祥瑞光芒自日出處,比喻吉祥的徵兆。,
1821,春花秋月,四季美好的景色,春天的花，秋天的月。泛指四時美景，也指美好的時光。,南唐・李煜〈虞美人〉
1822,儀態萬千,舉止優雅迷人,形容姿態美好多樣。,
1823,付之一炬,點火全部燒光,一把火全部燒掉。,唐・杜牧〈阿房宮賦〉
1824,山高水長,峰巒巍峨江流綿延,比喻人品節操高潔，影響深遠。,宋・范仲淹〈嚴先生祠堂記〉
1825,二龍戲珠,雙蛟搶玩寶球,兩條龍戲弄一顆寶珠，是吉祥的圖案。,
1826,聞風而動,一聽到消息就出發,一聽到風聲就立刻行動。形容反應迅速。,
1827,五子登科,兒孫個個金榜高中,比喻子孫都獲得功名，是吉祥的頌辭。,
1828,好為人師,愛擺前輩架子,喜歡當別人的老師，形容不謙虛、愛指點他人。,《孟子・離婁上》
1829,敝帚自珍,把破掃把當寶,比喻東西雖不好，自己卻很珍惜。,
1830,素昧平生,從來不認識,向來不相識。,
1831,目無全牛,庖丁眼中只見筋骨,形容技藝純熟到得心應手的境界。,《莊子・養生主》
1832,朝秦暮楚,早晚投靠不同國家,比喻反覆無常，立場不定。,
1833,束手就擒,不反抗乖乖被抓,捆起手來讓人捉拿，比喻毫不抵抗而被擒。,
1834,解甲歸田,脫掉戰袍回家種地,指軍人退伍回鄉。,
1835,擠眉弄眼,用表情打暗號,用眉眼做出表情示意。,
1836,風雲變色,天象驟改局勢震盪,比喻局勢發生急劇的變化。,
1837,嗤之以鼻,冷笑表示看不起,從鼻孔中發出冷笑聲，表示輕蔑。,
1838,千恩萬謝,連連鞠躬道感激,再三表示感謝。,
1839,望穿秋水,眼巴巴苦苦盼著,形容盼望殷切，眼睛都快望穿了。,
1840,一馬平川,可縱情奔馳的原野,形容地勢平坦開闊，可以縱馬奔馳。,
1841,家徒四壁,屋內空蕩只剩牆,家中只有四面牆壁，形容非常貧窮。,《史記・司馬相如列傳》
1842,三省吾身,每天反思自己,每天多次反省自己的言行。,《論語・學而》
1843,非驢非馬,四不像,比喻不倫不類，什麼都不像。,
1844,僧多粥少,和尚眾稀飯缺,比喻人多而東西少，不夠分配。,
1845,潰不成軍,敗得隊伍散掉,被打得七零八落，不成隊伍，形容慘敗。,
1846,生吞活剝,照搬別人理論,比喻機械地抄襲或搬用別人的理論、經驗。,
1847,揭竿而起,陳勝舉竹桿造反,指人民起義反抗暴政。,漢・賈誼〈過秦論〉
1848,三陽開泰,新年羊群報吉祥,新年開始，吉祥亨通的頌辭。,
1849,秣馬厲兵,餵飽戰駒磨刀槍,比喻做好作戰準備。,
1850,廉頗老矣,趙將年邁飯後如廁,比喻人已年老，不能有所作為。,
1851,觥籌交錯,酒杯酒令雜陳,形容宴飲歡樂、熱鬧的情景。,宋・歐陽脩〈醉翁亭記〉
1852,披堅執銳,穿鎧甲拿兵器,形容全副武裝，投入戰鬥。,
1853,騎驢覓驢,東西在身邊還找,比喻東西就在自己身邊卻還到處尋找。,
1854,倒屣相迎,鞋穿反急出門,急於迎客而把鞋子穿反了，形容熱情迎接賓客。,《三國志・魏書・王粲傳》
1855,虎踞龍盤,地勢雄偉險要,形容地勢險要雄壯，多用來指南京。,
1856,十室九空,戰亂後村落荒廢,形容百姓流離或死亡，人口稀少。,
1857,哀鴻遍野,到處都是悲叫的雁,比喻到處都是流離失所、呻吟呼號的災民。,《詩經・小雅・鴻雁》
1858,一碧萬頃,遼闊青綠湖面,形容水面或草原碧綠遼闊。,宋・范仲淹〈岳陽樓記〉
1859,羽扇綸巾,手搖翎毛頭戴絲帽,形容態度從容、風度瀟灑。,宋・蘇軾〈念奴嬌・赤壁懷古〉
1860,佛口蛇心,說話好聽但狠毒,比喻說話好聽而心腸狠毒。,
1861,席不暇暖,坐墊還沒坐熱就走,形容非常忙碌，到處奔走。,
1862,俯首帖耳,低頭順從聽命,形容非常馴服順從的樣子。,
1863,危如累卵,疊起來的蛋,像堆疊起來的蛋一樣，隨時會倒下打破。比喻情勢極其危險。,
1864,錦衣夜行,穿華服摸黑走路,穿著華麗的衣服在夜間行走，沒有人看得見。比喻富貴後不回故鄉，無人知曉；也比喻做事不為人所知。,
1865,橫刀躍馬,握兵器跨坐騎,手持大刀、騎馬馳騁，形容將士英勇作戰的氣概。,
1866,焚膏繼晷,點燈接續白天,點燈接續日光，形容夜以繼日地勤奮工作或讀書。,唐・韓愈〈進學解〉
1867,韋編三絕,孔子讀易翻斷皮繩,形容讀書勤奮刻苦。,《史記・孔子世家》
1868,棄甲曳兵,丟下護具拖著刀槍,丟棄鎧甲、拖著兵器，形容戰敗逃跑的狼狽樣子。,《孟子・梁惠王上》
1869,視如敝屣,看成破鞋子,比喻非常輕視，毫不珍惜。,
1870,目不窺園,埋首書房沒出遊,專心讀書，連花園都不去看一眼。,《漢書・董仲舒傳》
1871,柳眉倒豎,女子發怒樣,形容女子發怒時豎起眉毛的樣子。,
1872,染指於鼎,把手伸進鍋裡嚐湯,比喻分取不應得的利益。,《左傳・宣公四年》
1873,天無二日,空中只有一顆太陽,天上沒有兩個太陽。比喻一國不能同時有兩個君主。,《孟子・萬章上》
1874,食言而肥,說話不算數長胖,比喻說話不算數，不守信用。,《左傳・哀公二十五年》
1875,卞和泣玉,捧璞石痛哭,比喻懷才不遇，或真才實學不被賞識。,《韓非子・和氏》
1876,雪泥鴻爪,往事留下的痕跡,比喻往事遺留的痕跡。,宋・蘇軾〈和子由澠池懷舊〉
1877,杜鵑啼血,哀傷悲切至極,形容極度哀傷悲切。,
1878,一柱擎天,獨自撐起大局的人,一根柱子撐起天空。比喻能擔當重任的人。,
1879,人面桃花,思念美麗女子,比喻思念所愛的女子而不得相見的惆悵心情。,唐・崔護〈題都城南莊〉
1880,滄海遺珠,被埋沒的人才,大海中被遺漏的珍珠。比喻被埋沒的人才或珍貴事物。,《新唐書・狄仁傑傳》
1881,河清海晏,黃濁大水變澄澈,黃河水清，大海平靜。比喻天下太平。,
1882,兄弟鬩牆,手足在家裡吵,比喻兄弟之間互相爭吵不和。,《詩經・小雅・常棣》
1883,寥若晨星,稀疏如破曉天光點,稀少得像清晨的星星。形容數量非常少。,
1884,揚湯止沸,舀起熱水讓鍋不滾,比喻辦法不徹底，只能暫時緩解而無法根治。,
1885,壁立千仞,陡岩高聳萬丈,形容山崖高聳陡峭，也比喻人剛正不阿。,
1886,老蚌生珠,晚年得子,比喻老年得子。,
1887,老牛破車,慢吞吞又陳舊,比喻做事慢吞吞，或能力低落、設備陳舊。,
1888,焚琴煮鶴,糟蹋美好事物,比喻糟蹋美好的事物，大煞風景。,
1889,歃血為盟,喝牲畜鮮紅液立誓,古代會盟時口含牲血以示誠信，後泛指發誓訂盟。,
1890,三緘其口,嘴巴封了好幾層,形容說話謹慎，或不肯開口。,《孔子家語・觀周》
1891,面有菜色,飢餓臉發青,形容因飢餓而營養不良的臉色。,
1892,撒豆成兵,灑出種子變士卒,比喻法術高超，或能迅速召集兵力。,
1893,禍起蕭牆,災難出自家門內,比喻內部發生禍亂。,
1894,蛟龍得水,有本事的人遇機會,比喻有才能的人得到施展的機會。,
1895,卸磨殺驢,工作完就宰牲口,比喻達到目的後，就把曾經出過力的人拋棄。,
1896,鬥雞走狗,紈褲子弟玩禽弄犬,形容遊手好閒、不務正業的玩樂生活。,
1897,面如冠玉,臉像帽上寶石,形容男子容貌俊美。,
1898,赤地千里,大旱後田土荒蕪,形容旱災或蟲災後大片土地荒蕪。,
1899,摧枯拉朽,折斷乾樹般容易,比喻輕易摧毀腐朽的勢力。,
1900,鳳凰于飛,夫妻和諧,比喻夫妻相親相愛，常用於祝賀新婚。,《詩經・大雅・卷阿》
1901,中流擊楫,渡江敲船槳立誓,比喻立志奮發圖強，收復失土。,《晉書・祖逖傳》
1902,臥冰求鯉,王祥躺河面捕魚,晉代王祥臥冰求鯉以奉繼母，形容孝心至誠感人。,
1903,龍吟虎嘯,威猛的鳴叫聲,形容聲音宏亮或聲勢雄壯。,
1904,搖唇鼓舌,動嘴皮子煽動人,形容耍嘴皮子進行挑撥、煽動或遊說。,
1905,高屋建瓴,從頂上往下倒水,比喻居高臨下，勢不可擋。,《史記・高祖本紀》
1906,蜀犬吠日,川地狗見陽光就叫,比喻少見多怪。,唐・柳宗元〈答韋中立論師道書〉
1907,雞口牛後,寧當小首領,比喻寧可在小地方當首領，也不要在大地方受人支配。,《戰國策・韓策一》
1908,水波不興,湖面平靜沒有漣漪,水面平靜，沒有波浪。,宋・蘇軾〈前赤壁賦〉
1909,割髮代首,曹操削頭毛抵罪,比喻嚴格執行法令，以身作則。,
1910,蠶食鯨吞,逐步或一舉侵占,比喻用各種方式逐步侵占吞併。,
1911,舐犢情深,父母疼愛子女,比喻父母疼愛子女的深厚感情。,
1912,唾面自乾,被吐口水任它風化,比喻受了侮辱極度容忍，不加反抗。,《新唐書・婁師德傳》
1913,丹青妙手,擅長繪畫的高人,指技藝高超的畫家。,
1914,竊符救趙,信陵君偷兵令出兵,指信陵君偷取虎符、發兵救趙的故事，比喻為救危難而冒險。,《史記・魏公子列傳》
1915,虎入羊群,強者對弱者橫掃,比喻強者闖入弱者之中，任意欺凌。,
1916,一孔之見,從小洞看出去,比喻狹隘片面的見解。,
1917,千嬌百媚,美人姿態迷人,形容女子姿態嬌美動人。,
1918,城下之盟,敵兵壓境時簽約,指被迫簽訂的屈辱性和約。,《左傳・桓公十二年》
1919,空谷足音,幽靜山中有腳步聲,在空寂的山谷中聽到腳步聲。比喻難得的音訊或言論。,《莊子・徐无鬼》
1920,飛龍在天,帝王居尊位,比喻君主在位，或形容人處於事業顛峰。,《易經・乾卦》
1921,力能扛鼎,項羽舉起大鍋,形容力氣非常大。,《史記・項羽本紀》
1922,半吞半吐,話說到嘴邊又停,說話含糊，不肯全部說出。,
1923,春蘭秋菊,兩季名卉各擅勝場,春天的蘭花和秋天的菊花。比喻各有所長。,《楚辭・九歌・禮魂》
1924,聲名鵲起,一下子大紅大紫,名聲迅速提高。,
1925,高山仰止,抬頭敬望巍峨峰,比喻對崇高品德的景仰。,《詩經・小雅・車舝》
1926,輕裘肥馬,穿暖衣騎駿駒,形容生活豪華富裕。,《論語・雍也》
1927,西施捧心,美人皺眉按胸口,形容女子病態的美。,《莊子・天運》
1928,堅壁清野,加固營壘搬空郊外,加固防禦工事，並把城外的人和物資收藏起來，使敵人無法利用。,《三國志・魏書・荀彧傳》
1929,千金買骨,重價收購良駒遺骸,比喻求才若渴，重視人才。,《戰國策・燕策一》
1930,彈冠相慶,撣帽子互道恭喜,指因即將做官而互相慶賀，多用於貶義。,
1931,老嫗能解,白居易唸詩給婆婆,形容詩文淺顯易懂。,
1932,堅甲利兵,精良護具刀槍,堅固的鎧甲和鋒利的兵器，泛指精良的裝備或強大的軍隊。,《孟子・梁惠王上》
1933,牝雞司晨,母禽報曉,比喻婦女掌權，舊時用以指女性干政。,《尚書・牧誓》
1934,曾參殺人,謠言說孝子行兇,比喻流言可畏，說的人多了就使人相信。,《戰國策・秦策二》
1935,芒刺在背,極度不安難受,好像細刺扎在背上，形容極度不安。,《漢書・霍光傳》
1936,千巖萬壑,無數峰石與溪谷,形容山巒重疊，峰谷眾多。,《世說新語・言語》
1937,東床快婿,王羲之被選為佳偶,指稱心如意的女婿。,
1938,懸壺濟世,掛藥葫蘆行醫,指行醫救人。,
1939,安步當車,慢慢走路代替乘轎,形容從容不迫，或安於貧窮。,《戰國策・齊策四》
1940,恆河沙數,多如印度大川砂粒,像恆河中的沙粒一樣多。形容數量極多，無法計算。,
1941,道路以目,街上相見只用眼神,形容人民畏懼暴政，不敢說話。,《國語・周語上》
1942,開門揖盜,迎接賊人進家,比喻引進壞人，自招禍患。,《三國志・吳書・吳主傳》
1943,張敞畫眉,京兆尹替妻子描黛,比喻夫妻恩愛。,《漢書・張敞傳》
1944,曲水流觴,蘭亭酒杯順溪漂,古代上巳節在彎曲水流上漂酒杯取飲的風俗，泛指文人雅集。,晉・王羲之〈蘭亭集序〉
1945,蝸行牛步,走得極慢,形容行動或進展非常緩慢。,
1946,越俎代庖,祭司跑去廚房做菜,比喻越權辦事或代人做事。,《莊子・逍遙遊》
1947,竹報平安,家書告知一切都好,比喻平安家信，也泛指報平安。,
1948,茂林修竹,繁密樹叢與高竿,茂密的樹林和修長的竹子。形容環境清幽。,晉・王羲之〈蘭亭集序〉
1949,秉燭夜遊,提燈晚上玩,指及時行樂。,
1950,豹死留皮,身後要有美名,比喻人死後應留下好名聲。,《新五代史・王彥章傳》
1951,千人一面,臉孔全都相同,形容人物或作品雷同，缺乏特色。,
1952,一鱗半爪,龍只露出局部,比喻零星片段的事物。,
1953,香車寶馬,豪華轎輦與良駒,形容貴族出行的豪華排場。,
1954,牛角掛書,騎行途中勤讀,比喻勤奮好學，把握時間讀書。,《新唐書・李密傳》
1955,夏蟲語冰,跟見識短的講不通,比喻人見識短淺，無法與之談論高深的道理。,《莊子・秋水》
1956,見兔顧犬,發現獵物再找獵狗,比喻及時採取補救措施，還來得及。,《戰國策・楚策四》
1957,風雨如晦,暴雷陣陣天昏黑,風雨交加，天色昏暗如夜。比喻社會黑暗、局勢動盪。,《詩經・鄭風・風雨》
1958,沐猴而冠,猿類戴上官帽,比喻徒有其表而沒有真本事的人。,《史記・項羽本紀》
1959,投鞭斷流,馬策丟進江裡截水,比喻兵多將廣，軍力強大。,《晉書・苻堅載記下》
1960,詠絮之才,謝道韞以柳花比雪,比喻女子聰慧，富有文才。,《晉書・列女傳・王凝之妻謝氏》
1961,南橘北枳,環境不同品種變了,比喻環境改變，事物的性質也會隨之改變。,
1962,鱗次櫛比,房屋密密排列,像魚鱗和梳子的齒一樣密密排列。多形容房屋密集。,
1963,浮雲蔽日,白絮擋住太陽,浮雲遮蔽太陽。比喻小人蒙蔽君主或奸邪當道。,
1964,涕泗縱橫,哭得滿臉鼻水,眼淚和鼻涕流得滿臉都是，形容哭得很傷心。,
1965,吳牛喘月,錯把夜光當烈日,比喻因過去受過驚嚇，遇到類似情況就過分驚恐。,《世說新語・言語》
1966,浮光掠影,水面閃亮一晃而過,比喻觀察不細，印象不深。,
1967,結草銜環,死後也要報答恩人,比喻感恩報德，至死不忘。,
1968,胼手胝足,四肢磨出厚繭,手腳都磨出厚繭，形容非常辛勤勞苦。,
1969,流星趕月,火球飛快追玉盤,像流星追趕月亮一樣。形容速度非常快。,
1970,腦滿腸肥,富人吃得臃腫,形容飽食終日、無所用心的人肥胖的樣子。,
1971,尾大不掉,後端太重甩難開,比喻部屬勢力強大，難以指揮調度。,《左傳・昭公十一年》
1972,芝蘭玉樹,傑出優秀的子弟,比喻優秀的子弟。,《世說新語・言語》
1973,蚍蜉撼樹,螞蟻想搖動大木,比喻自不量力。,唐・韓愈〈調張籍〉
1974,黃髮垂髫,老人與小孩,指老人和小孩。,晉・陶淵明〈桃花源記〉
1975,雀屏中選,被挑為女婿,比喻被選為女婿。,
1976,旌旗蔽空,軍幟多到遮天,旗幟多得遮蔽了天空，形容軍隊浩大。,宋・蘇軾〈前赤壁賦〉
1977,披沙揀金,淘洗砂礫找寶貝,撥開沙子挑選金子。比喻從大量事物中挑選精華。,
1978,作鳥獸散,一哄而四處逃走,比喻成群的人一下子散去。,
1979,火中取栗,替別人冒燙拿堅果,比喻冒險替人出力，自己卻一無所得。,
1980,屠龍之技,學了無處用的本事,比喻技藝雖高超卻不切實用。,《莊子・列禦寇》
1981,疊床架屋,臥具上再放臥具,比喻重複累贅。,
1982,鼠竊狗偷,小賊小盜,比喻小偷小摸的行為。,
1983,六月飛霜,盛夏降寒冰,相傳鄒衍含冤入獄，盛夏六月竟降下霜來，後比喻有重大冤情。,
1984,餓虎撲羊,猛然衝上前,形容動作迅猛急切。,
1985,簞食壺漿,提著飯菜酒水迎軍,形容百姓歡迎愛戴的軍隊。,《孟子・梁惠王下》
1986,雞皮鶴髮,老人膚皺頭白,形容老人皮膚多皺、頭髮雪白的樣子。,
1987,車載斗量,多到裝滿貨箱,形容數量很多，不足為奇。,
1988,解衣推食,脫袍讓飯給人,形容慷慨地關懷、幫助別人。,《史記・淮陰侯列傳》
1989,鐘鳴鼎食,敲樂器列大鍋吃飯,形容富貴人家生活奢華。,
1990,三拳兩腳,揮幾下就打倒,形容只打幾下就輕易取勝。,
1991,羊質虎皮,外表凶猛內裡軟弱,比喻外表強大而實際懦弱無能。,漢・揚雄《法言・吾子》
1992,含飴弄孫,嘴裡吃糖逗小孩,形容老人恬適的晚年生活。,
1993,惜墨如金,下筆極謹慎,指寫作或作畫非常謹慎，不輕易下筆。,
1994,魚游釜中,在鍋裡等著被煮,比喻處境極其危險，滅亡在即。,
1995,李代桃僵,替別人頂罪,李樹代替桃樹被蟲蛀而死。比喻以此代彼或代人受過。,
1996,黃鶯出谷,歌聲清脆悅耳,形容歌聲婉轉動聽。,
1997,綠肥紅瘦,葉子茂盛花朵凋零,綠葉繁茂，紅花凋零。形容暮春景色。,宋・李清照〈如夢令〉
1998,簞食瓢飲,竹器盛飯葫蘆舀水,形容生活清苦簡樸。,《論語・雍也》
1999,綱舉目張,拉起總繩漁網撐開,提起網上的大繩，網眼就張開了。比喻抓住重點，其他就跟著解決。,漢・鄭玄〈詩譜序〉
2000,蟾宮折桂,考中科舉,比喻科舉考試及第。,
